object_id,prediction
Dornhoth_adar_imrath,0
Dornhoth_celeb_achad,0
Dornhoth_firion_fern,0
Dornhoth_glae_aras,1
Dornhoth_lain_tinuviel,1
Dornhoth_lebed_lembas,0
Dornhoth_lobor_rust,0
Dornhoth_luin_gondrath,1
Dornhoth_minai_mithren,1
Dornhoth_nestad_hu,0
Dornhoth_pent_hu,0
Dornhoth_peredhel_eglan,0
Dornhoth_rudh_hud,0
Dornhoth_tang_iaun,0
Dornhoth_tinnu_corch,0
Druadan_aegas_Ennor,0
Druadan_aeglir_rhach,1
Druadan_bronwe_laes,0
Druadan_dunedhel_nadhras,0
Druadan_edlothiad_faradrim,0
Druadan_eirien_mithril,0
Druadan_eirien_nagol,1
Druadan_espalass_balrog,0
Druadan_glae_aiglos,0
Druadan_gobennas_graw,0
Druadan_gul_per,0
Druadan_gwend_muinthel,0
Druadan_hervenn_celon,0
Druadan_lalaith_gul,0
Druadan_lunt_dam,0
Druadan_neledh_aderthad,0
Druadan_nidh_rhosc,0
Druadan_nost_hub,0
Druadan_sador_Eluwaith,0
Druadan_tobas_gas,0
Elrim_Dornhoth_annon,0
Elrim_acharn_luin,0
Elrim_adar_dam,0
Elrim_archam_haeron,0
Elrim_cabor_imloth,0
Elrim_daen_ank,0
Elrim_gwanur_duin,0
Elrim_gwathui_mil,0
Elrim_imlad_malad,0
Elrim_ingem_melethron,0
Elrim_ist_gwaun,0
Elrim_melethril_gorn,0
Elrim_mereth_riel,0
Elrim_morn_cabed,1
Elrim_navaer_law,0
Elrim_neledh_eryn,0
Elrim_ogol_ylf,1
Elrim_panas_laer,1
Elrim_puig_vin,0
Elrim_ruith_ang,0
Elrim_sador_hun,0
Elrim_salab_glass,0
Elrim_sammar_rist,1
Eluwaith_Ithil_heron,0
Eluwaith_Mithrim_nothrim,0
Eluwaith_adar_aear,0
Eluwaith_caras_gwachaedir,0
Eluwaith_cuin_tinnu,1
Eluwaith_dol_rach,0
Eluwaith_dol_riel,0
Eluwaith_glae_nim,0
Eluwaith_gondrath_lass,1
Eluwaith_gwarth_edlothiad,0
Eluwaith_maethor_cugu,1
Eluwaith_mereth_mirdan,0
Eluwaith_minas_limlug,0
Eluwaith_myril_melethron,0
Eluwaith_roch_faen,0
Eluwaith_rodwen_hervenn,0
Eluwaith_saew_melethril,0
Eluwaith_sammar_perian,0
Ennor_amdir_rochir,0
Ennor_bronwe_ninglor,0
Ennor_corch_gellui,0
Ennor_corf_myril,0
Ennor_glamor_puig,0
Ennor_lalaith_nimp,0
Ennor_lavan_ris,0
Ennor_law_grond,0
Ennor_lebdas_heleg,0
Ennor_meril_cirion,1
Ennor_minas_braig,0
Ennor_mithril_calad,0
Ennor_nana_roch,0
Ennor_rusc_bellas,0
Ennor_saelor_iphant,0
Ennor_sogannen_lembas,0
Ennor_tathar_uir,0
Eru_Elrim_aduial,1
Eru_aduial_gwador,0
Eru_cirion_amath,0
Eru_firion_malad,0
Eru_gwaloth_hal,0
Eru_heledir_archam,0
Eru_idhren_panas,0
Eru_mindon_alph,0
Eru_muinthel_sogannen,0
Eru_pess_romru,0
Eru_randir_mund,0
Eru_romru_rochben,0
Eru_ruith_cair,0
Eru_tathar_dam,0
Gonhir_achad_ist,0
Gonhir_achas_uruk,0
Gonhir_adan_aras,0
Gonhir_anann_fuin,0
Gonhir_bain_randir,0
Gonhir_cabor_talraph,0
Gonhir_dam_aeruil,0
Gonhir_eredh_noroth,1
Gonhir_fuin_aeruil,0
Gonhir_gwachaedir_ira,0
Gonhir_gwanur_celair,1
Gonhir_honeg_Sindarin,0
Gonhir_mil_lass,0
Gonhir_minai_neledh,0
Gonhir_raef_yll,0
Gonhir_saew_rom,0
Gwathuirim_Eluwaith_aes,0
Gwathuirim_aduial_gli,0
Gwathuirim_ang_tang,0
Gwathuirim_aphadrim_melethron,0
Gwathuirim_barad_hun,0
Gwathuirim_baug_braig,1
Gwathuirim_caras_lost,0
Gwathuirim_eilian_fervain,1
Gwathuirim_faradrim_ris,0
Gwathuirim_gellui_alagos,1
Gwathuirim_haradrim_tegilbor,0
Gwathuirim_helegnen_luin,1
Gwathuirim_imloth_ithron,1
Gwathuirim_ithildin_aran,1
Gwathuirim_maen_toll,1
Gwathuirim_mindon_aeglir,0
Gwathuirim_mund_hul,0
Gwathuirim_nagol_tathar,0
Gwathuirim_nimp_draug,0
Gwathuirim_pent_aras,0
Gwathuirim_rach_galas,0
Gwathuirim_rhovan_noroth,0
Gwathuirim_rochben_nestad,0
Gwathuirim_ryn_Ennor,0
Gwathuirim_sammar_laer,0
Gwathuirim_tegilbor_nestad,0
Ithil_Druadan_tirith,0
Ithil_aerlinn_corf,1
Ithil_aglareb_gwathui,0
Ithil_dunadan_suil,0
Ithil_galas_aes,1
Ithil_galenas_andrann,0
Ithil_hador_ram,1
Ithil_hal_romru,0
Ithil_helegnen_aegas,0
Ithil_hul_aranarth,1
Ithil_imrath_iar,0
Ithil_nim_Tawarwaith,1
Ithil_ogol_roch,0
Ithil_paich_grond,0
Ithil_rhun_panas,0
Ithil_saig_hub,0
Mirion_ablad_caras,0
Mirion_cabor_mereth,0
Mirion_celair_gwathui,0
Mirion_corf_aith,0
Mirion_dannas_aduial,0
Mirion_emel_dol,0
Mirion_gath_gellui,0
Mirion_hador_menel,0
Mirion_mil_gaw,1
Mirion_nim_alph,1
Mirion_ogol_achad,0
Mirion_ogol_cenedril,1
Mirion_rach_malad,0
Mirion_rusc_adel,0
Mirion_rust_suil,0
Mirion_salph_pendrath,0
Mithrim_alag_laug,0
Mithrim_ank_pod,0
Mithrim_dagnir_adar,0
Mithrim_eilian_rhun,0
Mithrim_hal_lobor,0
Mithrim_imloth_mindon,0
Mithrim_laer_paich,0
Mithrim_lavan_aegas,0
Mithrim_lin_rist,0
Mithrim_maethor_lebenedh,0
Mithrim_magor_faen,0
Mithrim_menel_adel,0
Mithrim_nidh_pess,0
Mithrim_nimp_pennas,0
Mithrim_onodrim_talraph,0
Mithrim_pennas_eredh,1
Mithrim_puig_nell,0
Mithrim_raegdan_melethril,1
Mithrim_tegilbor_dunedhel,0
Rochirrim_Gwathuirim_tachol,0
Rochirrim_amath_gond,0
Rochirrim_angos_narthan,0
Rochirrim_ank_calad,1
Rochirrim_bragol_Dornhoth,0
Rochirrim_dirnaith_navaer,0
Rochirrim_forodrim_callon,0
Rochirrim_galadhrim_lunt,0
Rochirrim_galas_iaun,0
Rochirrim_gas_paich,1
Rochirrim_glae_faradrim,0
Rochirrim_gul_anann,0
Rochirrim_hadhod_cabed,0
Rochirrim_haudh_pendrath,0
Rochirrim_ist_aglareb,0
Rochirrim_ithron_faradrim,0
Rochirrim_menel_anann,0
Rochirrim_nimp_graw,0
Rochirrim_per_ram,0
Rochirrim_rudh_sador,0
Rochirrim_rusc_saer,0
Rochirrim_saig_raef,0
Rochirrim_tinuviel_raegdan,0
Rochirrim_tirith_gaw,1
Rochirrim_uir_Eru,0
Sindarin_Rochirrim_thor,0
Sindarin_cae_laes,0
Sindarin_dunedhel_aeruil,0
Sindarin_glamog_mithril,0
Sindarin_gwaun_amon,1
Sindarin_lass_dagnir,0
Sindarin_nagol_peredhel,0
Sindarin_nimp_draug,0
Sindarin_salph_iphant,0
Sindarin_tobas_gilgalad,0
Sindarin_uir_minuial,0
Tawarwaith_agor_mirdan,0
Tawarwaith_celair_pethron,0
Tawarwaith_fae_amath,0
Tawarwaith_gaw_laug,0
Tawarwaith_gellui_curunir,0
Tawarwaith_glamor_hu,0
Tawarwaith_hervenn_hal,0
Tawarwaith_imrad_achad,0
Tawarwaith_ithildin_braig,0
Tawarwaith_lhug_graw,0
Tawarwaith_noroth_lunt,0
ablad_ai_heledh,0
ablad_aiglos_rochir,0
ablad_bregedur_gwaun,0
ablad_cuil_rhosc,0
ablad_fast_amon,1
ablad_gwachaedir_haust,0
ablad_haeron_ulug,0
ablad_idhren_cyron,0
ablad_iphant_elvellon,0
ablad_ira_agarwaen,0
ablad_lam_thavron,0
ablad_rusc_meldir,0
ablad_saew_lhug,0
achad_Eru_laes,1
achad_adab_hul,0
achad_ah_sirion,0
achad_alph_bass,0
achad_andrann_celon,0
achad_bregedur_nath,0
achad_certh_lebed,0
achad_daen_lembas,0
achad_emel_lembas,0
achad_eryn_celair,0
achad_gwador_cabor,0
achad_thavron_cuil,0
acharn_aderthad_sirion,0
acharn_balrog_gas,0
acharn_daen_lunt,0
acharn_dannas_aran,0
acharn_elvellon_aran,1
acharn_firen_peredhel,0
acharn_fuin_dunedhel,0
acharn_glae_balrog,0
acharn_gwachaedir_inias,1
acharn_gwachaedir_morgul,1
acharn_gwaun_gilgalad,0
acharn_heledir_dunadan,0
acharn_ist_annon,0
acharn_lasguil_Tawarwaith,0
acharn_lasguil_gaur,0
acharn_law_meldir,0
acharn_saew_glandagol,0
acharn_thor_dam,0
acharn_thul_gul,1
acharn_tirith_bain,0
acharn_uanui_celon,0
achas_agarwaen_rudh,0
achas_aith_Ennor,0
achas_cabor_dam,0
achas_echad_glaur,0
achas_espalass_imrath,0
achas_galadhrim_hadhod,0
achas_glandagol_malad,0
achas_gwador_lebenedh,0
achas_hu_corch,0
achas_hun_maethor,0
achas_lobor_duin,0
achas_luith_haradrim,0
achas_menel_muinthel,0
achas_minai_maen,0
achas_muil_achad,0
achas_panas_nana,0
achas_parf_melethril,0
achas_pendrath_malad,0
achas_perian_toll,0
achas_raug_dol,0
achas_sogannen_laes,0
achas_suil_dunadan,1
achas_thamas_laer,0
achas_thurin_harad,0
achas_tirith_agar,0
adab_anann_gwador,0
adab_caras_lossen,1
adab_celair_rhach,0
adab_fae_gath,0
adab_gond_aglareb,0
adab_gul_glaur,0
adab_honeg_melethron,0
adab_muil_nagol,0
adab_nidh_morn,0
adab_perian_grond,0
adab_rusc_heleg,1
adab_salab_tobas,0
adab_thor_glae,1
adan_Ennor_lam,0
adan_Tawarwaith_cund,0
adan_agar_Dornhoth,0
adan_amath_rust,0
adan_araf_angos,0
adan_balrog_cirdan,0
adan_cirdan_ris,1
adan_cugu_Tawarwaith,0
adan_daen_gaw,0
adan_duin_espalass,0
adan_gellui_meril,0
adan_gwend_amloth,0
adan_heledir_hend,0
adan_ira_uanui,0
adan_paich_amlug,0
adan_rist_per,0
adan_rochben_tegilbor,0
adan_ryn_nimbrethil,0
adan_saer_gath,1
adan_tann_haeron,0
adar_adab_cirion,0
adar_aear_eirien,1
adar_agor_elvellon,0
adar_angos_thul,0
adar_bragol_riel,0
adar_firen_midh,0
adar_gil_curunir,0
adar_gwaloth_salph,0
adar_hul_iaun,0
adar_iaun_glaur,0
adar_imrath_raef,0
adar_muil_navaer,0
adar_perian_lachenn,0
adar_rochben_corch,0
adar_uruk_glae,0
adel_Eluwaith_tang,0
adel_Ennor_nur,0
adel_adar_vin,0
adel_alae_lavan,0
adel_alagos_haradrim,0
adel_amarth_balrog,0
adel_ank_rudh,0
adel_cae_aeglir,0
adel_cirion_ang,0
adel_draug_gaur,0
adel_haeron_mil,0
adel_hand_caras,0
adel_honeg_amath,0
adel_imrad_bain,0
adel_lossen_lorn,0
adel_luith_haradrim,0
adel_pendrath_ablad,0
adel_rhovan_ris,0
adel_rist_agarwaen,1
adel_tathar_edlothiad,0
adel_tathar_ungol,0
adel_thangail_edlothiad,0
aderthad_Dornhoth_ungol,0
aderthad_ai_peredhel,0
aderthad_aiglos_eryn,0
aderthad_anwar_certh,0
aderthad_bain_daen,0
aderthad_barad_aphadrim,0
aderthad_cuil_galadhrim,0
aderthad_galenas_adar,0
aderthad_gwarth_agarwaen,0
aderthad_lossen_Gwathuirim,0
aderthad_min_nothrim,0
aderthad_mindon_gador,0
aderthad_ogol_lain,0
aderthad_peredhel_riel,0
aderthad_talraph_sogannen,1
aderthad_tavor_pilin,1
aderthad_thavron_menel,1
aderthad_toll_ram,0
aduial_bass_espalass,1
aduial_cabor_nagol,0
aduial_cae_saig,0
aduial_dannas_erchion,0
aduial_fang_minai,0
aduial_gwaloth_celon,0
aduial_hal_ylf,0
aduial_hun_galas,1
aduial_ingem_toll,0
aduial_meldir_heleg,0
aduial_muil_aderthad,0
aduial_nath_riel,0
aduial_rhach_pess,0
aduial_rhovan_imlad,0
aduial_rusc_glae,1
aduial_thurin_cirdan,0
aear_Mithrim_iaun,0
aear_cuil_nana,0
aear_eirien_annon,0
aear_faun_agarwaen,0
aear_forodrim_limlug,1
aear_galas_agor,0
aear_gorn_iaun,0
aear_hadhod_aras,1
aear_harad_noroth,0
aear_ithron_rist,0
aear_lhug_amlug,0
aear_limlug_elvellon,0
aear_melethron_nothrim,0
aear_mereth_anwar,0
aear_minuial_gil,0
aear_myril_eryn,0
aear_nidh_ai,0
aear_onodrim_Ithil,0
aear_panas_galadh,0
aear_rist_drego,0
aear_ulug_edlothiad,0
aegas_acharn_galenas,0
aegas_aes_firiel,0
aegas_cugu_roch,1
aegas_fern_rust,0
aegas_gilgalad_grond,0
aegas_glae_fervain,0
aegas_glandagol_angos,0
aegas_gwador_ogol,0
aegas_gwilwileth_rist,0
aegas_haeron_cirion,0
aegas_harad_amdir,0
aegas_iaun_merilin,0
aegas_iphant_peredhel,0
aegas_lam_haudh,0
aegas_lathron_saelor,0
aegas_laug_ithildin,0
aegas_lebdas_nell,0
aegas_luin_forodrim,0
aegas_mereth_law,0
aegas_midh_ist,0
aegas_nell_amon,1
aegas_ninglor_ira,0
aegas_peredhel_ank,0
aegas_pilin_amloth,1
aegas_ryn_fast,0
aeglir_Eluwaith_hwiniol,0
aeglir_Eluwaith_thavron,0
aeglir_Ennor_sammar,0
aeglir_achad_edlothiad,0
aeglir_bragol_morgul,0
aeglir_braig_celair,0
aeglir_callon_elu,0
aeglir_celair_ah,0
aeglir_curunir_gwilwileth,1
aeglir_cyron_fang,0
aeglir_dannas_cae,0
aeglir_draug_amarth,0
aeglir_duin_lin,0
aeglir_hand_inias,0
aeglir_hend_limlug,0
aeglir_honeg_haeron,0
aeglir_iphant_iaun,0
aeglir_meldir_cabed,0
aeglir_nothrim_dunedhel,1
aeglir_pendrath_uan,0
aeglir_rhosc_bronwe,0
aeglir_ris_cabed,0
aeglir_ris_mil,0
aerlinn_Ennor_Mithrim,1
aerlinn_achad_mund,1
aerlinn_aith_cirdan,0
aerlinn_amath_adab,0
aerlinn_ang_alagos,0
aerlinn_bellas_ithildin,0
aerlinn_edlothiad_hal,1
aerlinn_elu_hul,0
aerlinn_faen_rusc,0
aerlinn_firen_barad,0
aerlinn_gond_tathar,0
aerlinn_helegnen_rudh,1
aerlinn_honeg_nimp,0
aerlinn_ist_muinthel,1
aerlinn_ithron_noroth,0
aerlinn_neledh_tamin,0
aerlinn_pilin_hud,0
aerlinn_pod_rusc,0
aerlinn_rusc_araf,0
aeruil_Dornhoth_harad,0
aeruil_adan_alag,0
aeruil_ai_firion,0
aeruil_baneth_Eluwaith,0
aeruil_bragol_firiel,0
aeruil_bregedur_saelor,1
aeruil_echad_bronwe,0
aeruil_gli_rhovan,1
aeruil_lebed_galadh,0
aeruil_magol_hu,0
aeruil_min_amath,0
aeruil_nadhras_haradrim,0
aeruil_nimp_lend,0
aeruil_rach_fervain,0
aeruil_rusc_rach,0
aeruil_soga_myril,0
aes_Dornhoth_erchion,0
aes_Druadan_guldur,0
aes_Rochirrim_faen,0
aes_adab_Eru,0
aes_agarwaen_Tawarwaith,0
aes_bain_edlothiad,0
aes_cae_corch,0
aes_celon_midh,1
aes_dunadan_gaw,0
aes_dunadan_heleg,0
aes_echad_morn,0
aes_faradrim_galvorn,0
aes_faradrim_thangail,1
aes_glandagol_lembas,0
aes_gobennas_muil,1
aes_gwaun_iphant,1
aes_hal_acharn,0
aes_heledh_andrann,0
aes_hend_harad,0
aes_heron_anann,0
aes_law_araf,0
aes_lebed_naer,0
aes_luithien_rhun,0
aes_magor_rusc,0
aes_nell_lass,0
aes_noroth_imlad,0
agar_Dornhoth_celon,1
agar_Eluwaith_galenas,0
agar_baneth_glamog,0
agar_bregedur_pod,0
agar_celeb_aderthad,0
agar_echad_thangail,0
agar_forodrim_Dornhoth,0
agar_galadhrim_cabor,0
agar_gli_inias,0
agar_hador_baneth,0
agar_heron_salph,0
agar_lossen_nur,0
agar_maethor_Elrim,0
agar_mereth_aiglos,0
agar_midh_celair,0
agar_nimbrethil_rust,0
agar_randir_tann,0
agar_rodwen_hul,0
agar_saelor_pennas,0
agar_suil_amarth,0
agar_tegilbor_gorn,0
agar_tegilbor_ungol,0
agar_thul_rach,0
agar_toll_edlothiad,0
agarwaen_ablad_thangail,1
agarwaen_bregedur_agar,0
agarwaen_cabor_alph,0
agarwaen_celair_haudh,1
agarwaen_faen_lain,0
agarwaen_glae_ithildin,0
agarwaen_glamog_rom,0
agarwaen_lam_saer,1
agarwaen_lorn_iphant,0
agarwaen_mithren_law,1
agarwaen_ram_rust,0
agarwaen_rhun_anann,0
agarwaen_ryn_dol,0
agarwaen_tirith_in,0
agarwaen_uir_maecheneb,0
aglareb_Elrim_lin,0
aglareb_alag_gwador,0
aglareb_aran_hub,0
aglareb_curunir_rochben,0
aglareb_cyron_uan,0
aglareb_eglan_aiglos,0
aglareb_elvellon_Ithil,0
aglareb_gwachaedir_hadhod,0
aglareb_haust_heledir,0
aglareb_heledir_rist,0
aglareb_ithildin_vin,0
aglareb_laug_parf,0
aglareb_lobor_cirion,0
aglareb_luith_rochben,0
aglareb_minuial_acharn,0
aglareb_nidh_aith,0
aglareb_toll_ylf,0
agor_achas_aiglos,0
agor_aderthad_rudh,0
agor_aith_achad,0
agor_ang_adel,0
agor_calad_lebdas,0
agor_cuin_lam,0
agor_dirnaith_gaurwaith,0
agor_firion_sirion,0
agor_galadhrim_luith,0
agor_gaur_pilin,0
agor_glae_glass,0
agor_glamor_lobor,0
agor_gul_bass,0
agor_harad_lebed,0
agor_haust_Mithrim,0
agor_heledh_elvellon,0
agor_imrath_ingem,0
agor_ira_thul,0
agor_ithron_minai,0
agor_lacha_achas,0
agor_melethron_inias,0
agor_minas_dam,0
agor_nadhras_limlug,1
agor_per_saig,0
agor_rhun_mithren,0
agor_tinuviel_anann,0
agor_tobas_tirith,0
ah_aeruil_Eru,0
ah_aiglos_haudh,0
ah_bregedur_firion,0
ah_duin_sirion,0
ah_eglan_aderthad,0
ah_galad_dunadan,0
ah_heron_sammar,0
ah_lebed_per,0
ah_lebenedh_gwilwileth,0
ah_muil_nimbrethil,0
ah_nimbrethil_magor,0
ah_ninglor_lebed,1
ah_saig_aiglos,0
ah_sammar_cae,0
ah_tinnu_aglareb,0
ah_yll_lavan,0
ai_amdir_ist,0
ai_aran_ist,0
ai_aran_rhovan,0
ai_bellas_honeg,0
ai_curunir_roch,0
ai_eredh_nimbrethil,1
ai_hador_dagnir,0
ai_ingem_saew,0
ai_mil_meldir,0
ai_peredhel_per,0
ai_raef_aiglos,0
ai_roch_lacha,0
ai_tachol_ira,0
ai_thavron_Mirion,0
ai_vin_glaur,0
aiglos_Gonhir_lacha,0
aiglos_agarwaen_faen,0
aiglos_amloth_braig,0
aiglos_firen_min,1
aiglos_gwaloth_panas,0
aiglos_lebed_ungol,0
aiglos_lin_salab,0
aiglos_lunt_rhovan,0
aiglos_minas_aras,0
aiglos_morn_Ithil,0
aiglos_noroth_tegilbor,0
aiglos_paich_lobor,0
aiglos_pethron_faun,1
aiglos_rochir_maecheneb,0
aiglos_salab_edlothiad,0
aiglos_soga_gwanur,0
aiglos_talraph_ram,0
aiglos_thul_cabed,0
aith_archam_cair,0
aith_curunir_minai,0
aith_gador_aeruil,0
aith_gorn_honeg,0
aith_hadhod_thavron,0
aith_haudh_iaun,0
aith_hend_galas,0
aith_lembas_ylf,1
aith_lobor_graw,1
aith_meril_barad,0
aith_mithren_hend,0
aith_muinthel_Eru,0
aith_nath_Sindarin,0
aith_rom_magol,0
aith_tamin_laes,1
aith_thurin_raef,0
alae_Ennor_cair,0
alae_Eru_andrann,0
alae_araf_grond,0
alae_cabed_tobas,0
alae_cabor_edlothiad,0
alae_cuin_ulug,0
alae_dirnaith_tann,1
alae_dunadan_aeglir,0
alae_fast_cirdan,0
alae_gilgalad_yll,1
alae_glass_harad,0
alae_haudh_firiel,0
alae_iar_dol,1
alae_imrath_rom,0
alae_law_hervess,0
alae_luith_honeg,0
alae_maecheneb_nath,1
alae_nana_midh,0
alae_peredhel_imrath,0
alae_raef_graw,0
alae_tobas_hul,0
alag_Rochirrim_lang,0
alag_alae_galenas,0
alag_archam_rusc,0
alag_bass_tinnu,0
alag_bronwe_lalaith,0
alag_cirion_emel,0
alag_eglan_dam,0
alag_gador_celair,0
alag_gath_gli,1
alag_gobennas_alagos,0
alag_gwador_ithildin,0
alag_imrath_onodrim,0
alag_mithren_gwarth,0
alag_nothrim_tann,1
alag_ogol_muinthel,0
alag_tinnu_meril,0
alagos_Mithrim_rusc,0
alagos_achas_perian,0
alagos_adab_Tawarwaith,0
alagos_agor_ram,0
alagos_amlug_melethril,0
alagos_araf_aeruil,0
alagos_celeb_nothrim,0
alagos_duin_hul,0
alagos_galad_thavron,0
alagos_gaur_rudh,1
alagos_gil_roch,0
alagos_glae_Sindarin,0
alagos_guldur_hud,0
alagos_gwachaedir_bronwe,0
alagos_hadhod_minuial,0
alagos_hun_firiel,0
alagos_lachenn_lagor,0
alagos_lunt_tavor,0
alagos_manadh_panas,0
alagos_mithren_harad,0
alagos_parf_hal,0
alagos_raef_celair,1
alagos_uruk_gas,0
alph_Gwathuirim_lacha,0
alph_achad_in,0
alph_aglareb_Elrim,0
alph_ang_graw,0
alph_cabor_celon,0
alph_draug_gwilwileth,0
alph_eglan_galadhrim,0
alph_espalass_gwador,0
alph_espalass_lacha,0
alph_firion_anann,0
alph_galadh_corch,0
alph_gath_adel,0
alph_gul_maethor,1
alph_haradrim_tathar,1
alph_iaun_raegdan,0
alph_lachenn_vin,0
alph_laes_gwanur,1
alph_mereth_uanui,1
alph_nagol_uanui,0
alph_nur_gwarth,0
alph_randir_gil,0
alph_tang_nimbrethil,0
alph_thul_ris,0
amarth_aeglir_haust,0
amarth_bass_Ithil,0
amarth_bregedur_bragol,0
amarth_cuil_cund,0
amarth_cuin_gwarth,0
amarth_dunedhel_erchion,0
amarth_espalass_narthan,0
amarth_fang_rust,0
amarth_galadh_gwaloth,0
amarth_gwaloth_firiel,0
amarth_heledir_lathron,1
amarth_ira_nimp,0
amarth_lang_nimp,0
amarth_lebdas_ang,0
amarth_nidh_fae,0
amarth_nost_firen,1
amarth_onodrim_gwathui,0
amarth_rhovan_saelor,0
amarth_rochben_gwador,0
amarth_thavron_Mithrim,0
amarth_uruk_nothrim,0
amath_Mirion_neledh,0
amath_alagos_andrann,0
amath_ank_alph,0
amath_bain_loss,0
amath_cenedril_faen,0
amath_emel_haust,0
amath_eryn_tinuviel,0
amath_galadhrim_iar,0
amath_gaur_saew,0
amath_glass_dunadan,1
amath_heledir_rhovan,0
amath_min_adan,0
amath_nestad_imrad,0
amath_rodwen_tamin,0
amath_toll_badhor,0
amdir_fuin_raef,0
amdir_glandagol_ingem,0
amdir_lasguil_neledh,0
amdir_lend_luithien,0
amdir_salph_lavan,0
amloth_aras_anann,0
amloth_bass_thurin,0
amloth_cabed_achas,0
amloth_cenedril_galenas,0
amloth_dam_thangail,0
amloth_fuin_baug,0
amloth_gaur_noroth,0
amloth_gaurwaith_archam,1
amloth_gond_alagos,0
amloth_ithron_idhren,0
amloth_nagol_rusc,0
amloth_nidh_thavron,0
amloth_rochir_lebenedh,0
amloth_rochir_luin,0
amloth_thul_dam,0
amlug_Mirion_lang,0
amlug_aderthad_talraph,0
amlug_cabor_laes,0
amlug_celeb_eredh,0
amlug_daen_Mirion,0
amlug_dagnir_rom,0
amlug_firen_randir,0
amlug_firion_fervain,0
amlug_glamog_bragol,0
amlug_gond_galas,0
amlug_hervenn_pent,0
amlug_midh_gwanur,0
amlug_morn_haust,0
amlug_rhach_pennas,1
amlug_thavron_agor,0
amlug_thor_gondrath,0
amlug_tinnu_imrad,0
amon_adab_gond,0
amon_aegas_pilin,0
amon_aes_aglareb,0
amon_ai_saelor,0
amon_anwar_nestad,0
amon_barad_haradrim,0
amon_faun_cirdan,1
amon_gaw_lebed,0
amon_guldur_lain,1
amon_hub_rhovan,0
amon_hud_angos,0
amon_lorn_magol,0
amon_luin_adab,0
amon_melethril_aran,0
amon_morgul_gil,0
amon_navaer_Mirion,0
amon_nidh_celeb,0
amon_tamin_gwilwileth,0
amon_thor_iar,1
amon_uan_aglareb,1
anann_Mirion_fast,0
anann_annon_daen,0
anann_caras_pethron,0
anann_eirien_balrog,0
anann_elu_dirnaith,0
anann_elvellon_lathron,0
anann_firion_laes,1
anann_guldur_glae,0
anann_helegnen_maen,0
anann_lain_alae,1
anann_lebed_nath,0
anann_manadh_amath,0
anann_mirdan_malad,0
anann_mithril_Dornhoth,0
anann_mithril_mindon,1
anann_saig_ai,1
anann_sogannen_thamas,0
andrann_acharn_ryn,1
andrann_daen_gilgalad,0
andrann_eilian_min,0
andrann_firen_glae,0
andrann_gond_romru,0
andrann_haudh_adan,0
andrann_haust_uanui,0
andrann_in_fae,0
andrann_inias_firion,0
andrann_malad_pendrath,0
andrann_naer_rovalug,0
andrann_onodrim_sogannen,0
andrann_puig_dannas,0
andrann_rovalug_ithildin,0
ang_aderthad_gwathui,0
ang_alae_nana,0
ang_alagos_gwador,0
ang_bass_cenedril,0
ang_curunir_saew,0
ang_duin_tinnu,0
ang_firion_rhovan,0
ang_gaur_laes,0
ang_gilgalad_pod,0
ang_nadhras_aes,0
ang_nagol_aderthad,0
ang_nell_agarwaen,0
ang_pess_hu,0
ang_uan_ennorath,0
ang_ylf_laes,0
angos_Eluwaith_aerlinn,0
angos_adan_aphadrim,0
angos_aeruil_Sindarin,0
angos_agarwaen_faun,1
angos_bass_aras,0
angos_celair_pethron,0
angos_cenedril_lam,0
angos_dol_mirdan,0
angos_elvellon_melethron,0
angos_espalass_aegas,0
angos_hal_gaur,0
angos_hub_elu,1
angos_iaun_rhach,0
angos_lang_ryn,0
angos_lebenedh_saig,0
angos_maethor_dam,1
angos_mithren_lasguil,0
angos_morgul_aderthad,0
angos_pethron_soga,0
angos_rhun_idhren,0
angos_tinnu_hend,0
angos_ylf_rach,0
ank_aderthad_uruk,0
ank_amath_graw,0
ank_bellas_gas,1
ank_eryn_menel,0
ank_haudh_haeron,0
ank_hul_gwarth,0
ank_idhren_manadh,0
ank_lam_forodrim,1
ank_lang_glamog,0
ank_law_nur,0
ank_manadh_baug,0
ank_morgul_gilgalad,0
ank_nath_hand,0
ank_pilin_thul,0
ank_ram_achad,0
ank_romru_firiel,0
ank_ruith_midh,0
ank_rusc_eilian,0
ank_saew_rochben,1
ank_tamin_soga,0
ank_tann_pendrath,0
ank_tavor_nimp,0
ank_uruk_fervain,0
annon_Rochirrim_fang,1
annon_angos_lembas,1
annon_cirion_maethor,0
annon_corf_galadhrim,0
annon_cugu_aeruil,0
annon_curunir_eirien,0
annon_draug_glass,0
annon_gwanur_corf,0
annon_hu_glamog,0
annon_lain_morn,0
annon_magol_araf,0
annon_mindon_eglan,0
annon_nagol_uir,0
annon_nana_vin,0
annon_narthan_pent,0
annon_nothrim_eirien,0
annon_raug_rist,0
annon_rhovan_cair,0
annon_rovalug_cirion,0
annon_sirion_aglareb,1
anwar_adel_hud,1
anwar_aeruil_lunt,0
anwar_alagos_fast,0
anwar_amloth_lebed,0
anwar_ank_uruk,0
anwar_aran_rochben,1
anwar_corf_galenas,0
anwar_corf_ruith,0
anwar_dunadan_curunir,0
anwar_echad_faen,1
anwar_firion_gobennas,0
anwar_gath_dannas,0
anwar_gwilwileth_ulug,0
anwar_haeron_amon,1
anwar_heledir_Gwathuirim,0
anwar_malad_melethril,0
anwar_ogol_nath,0
anwar_ris_uanui,0
anwar_ryn_raef,0
anwar_tavor_pess,1
anwar_thavron_eirien,1
aphadrim_aegas_nell,0
aphadrim_angos_eglan,0
aphadrim_araf_galadhrim,0
aphadrim_cugu_galvorn,0
aphadrim_daen_suil,0
aphadrim_elu_tavor,0
aphadrim_gwilwileth_tavor,1
aphadrim_hal_curunir,0
aphadrim_haudh_barad,0
aphadrim_honeg_faen,0
aphadrim_honeg_myril,0
aphadrim_hub_laes,0
aphadrim_in_achas,0
aphadrim_laes_fast,0
aphadrim_law_glass,0
aphadrim_luin_fuin,1
aphadrim_noroth_aes,0
aphadrim_parf_fast,1
aphadrim_perian_manadh,1
aphadrim_rovalug_iar,0
aphadrim_ruith_cyron,0
aphadrim_sirion_adan,0
aphadrim_soga_mithril,1
araf_Ennor_ank,0
araf_faun_peredhel,0
araf_gorn_peredhel,0
araf_gwanur_malad,0
araf_gwathui_heleg,0
araf_hervess_tamin,0
araf_imrath_cae,0
araf_law_faun,0
araf_lebdas_raegdan,0
araf_lorn_mir,0
araf_loss_lavan,0
araf_magor_bellas,1
araf_melethril_muinthel,0
araf_nana_ingem,0
araf_pess_lacha,0
araf_roch_eilian,0
araf_tavor_melethron,1
aran_Eru_Dornhoth,0
aran_aduial_bregedur,1
aran_aegas_dagnir,0
aran_agor_gondrath,0
aran_alag_thurin,0
aran_amon_certh,1
aran_ank_haudh,0
aran_aras_Elrim,1
aran_calad_mereth,0
aran_elu_dunedhel,0
aran_fang_graw,0
aran_glaur_thangail,0
aran_guldur_bregedur,0
aran_imlad_grond,0
aran_ist_thangail,0
aran_lain_nidh,0
aran_lalaith_edlothiad,0
aran_luin_noroth,0
aran_maethor_saig,0
aran_menel_luin,0
aran_puig_cuil,0
aran_rochir_pilin,0
aran_rom_ira,0
aran_soga_merilin,0
aran_thavron_acharn,0
aran_uir_perian,0
aran_ulug_emel,0
aranarth_Gwathuirim_galenas,0
aranarth_Tawarwaith_adab,0
aranarth_aith_minai,0
aranarth_amon_hun,1
aranarth_balrog_min,0
aranarth_baug_nana,1
aranarth_cae_celair,1
aranarth_cirdan_bain,0
aranarth_dam_amon,0
aranarth_elvellon_thangail,0
aranarth_fern_gwathui,0
aranarth_gilgalad_cyron,0
aranarth_glae_adan,1
aranarth_hadhod_gwador,0
aranarth_heledir_ylf,0
aranarth_hul_nim,0
aranarth_lorn_balrog,0
aranarth_malad_thamas,1
aranarth_muil_uan,0
aranarth_pilin_uanui,0
aranarth_raegdan_gilgalad,0
aranarth_rist_iphant,0
aranarth_saew_lathron,0
aranarth_thavron_achad,1
aranarth_ulug_rhun,0
aras_Eluwaith_vin,0
aras_aeruil_muinthel,0
aras_amlug_galenas,0
aras_anwar_luin,0
aras_cair_echad,0
aras_dunedhel_honeg,0
aras_edlothiad_alag,0
aras_faen_malad,0
aras_fern_celon,0
aras_fuin_law,0
aras_galvorn_calad,0
aras_glamog_adab,0
aras_gwend_celeb,0
aras_hador_acharn,0
aras_imrad_celair,0
aras_in_eglan,1
aras_laes_puig,0
aras_lathron_galenas,0
aras_lin_ira,1
aras_nagol_draug,0
aras_noroth_ruith,0
aras_pent_barad,0
aras_tathar_callon,0
archam_aerlinn_rhun,0
archam_amath_minai,0
archam_badhor_andrann,0
archam_dunadan_paich,0
archam_echad_lalaith,0
archam_fang_thavron,0
archam_gath_glamor,0
archam_gaw_muinthel,0
archam_glae_perian,0
archam_glamor_corf,0
archam_helegnen_galadhrim,0
archam_malad_lang,0
archam_menel_imrath,0
archam_midh_fang,0
archam_mirdan_cabed,0
archam_mithren_cugu,0
archam_nagol_sogannen,0
archam_nidh_ruith,0
archam_rovalug_corf,0
archam_sirion_aerlinn,0
archam_tann_cugu,0
archam_uruk_laug,0
badhor_Ennor_nimbrethil,0
badhor_aeglir_iphant,0
badhor_angos_cae,0
badhor_aran_vin,0
badhor_fervain_imrad,0
badhor_forodrim_ithildin,1
badhor_galvorn_ogol,0
badhor_gwael_nothrim,0
badhor_gwaloth_ai,0
badhor_honeg_gorn,0
badhor_lacha_gaur,0
badhor_luin_braig,0
badhor_myril_glamor,0
badhor_pethron_fuin,0
badhor_raef_balrog,0
badhor_sirion_espalass,0
badhor_soga_ylf,0
bain_Gonhir_gul,0
bain_aeruil_puig,0
bain_bregedur_lalaith,0
bain_bregedur_muinthel,0
bain_caras_imlad,1
bain_guldur_glamog,0
bain_hador_in,0
bain_hador_sirion,0
bain_haradrim_loss,0
bain_idhren_heledh,0
bain_imloth_hand,0
bain_imrath_dunadan,0
bain_luin_haradrim,0
bain_maethor_neledh,0
bain_noroth_salph,1
bain_paich_rach,0
bain_peredhel_nell,0
bain_raegdan_soga,0
bain_soga_myril,0
bain_tegilbor_balrog,0
bain_uir_tobas,1
bain_uruk_nestad,0
balrog_Mithrim_amloth,0
balrog_aran_randir,0
balrog_celair_lachenn,0
balrog_edlothiad_aeglir,0
balrog_faradrim_honeg,0
balrog_glaur_aras,0
balrog_gwador_fuin,0
balrog_gwend_mund,0
balrog_hul_helegnen,0
balrog_lebenedh_galenas,0
balrog_maen_magor,0
balrog_mereth_drego,0
balrog_morgul_meldir,0
balrog_muinthel_daen,0
balrog_parf_cae,0
balrog_ruith_faradrim,1
balrog_ulug_cae,0
baneth_aear_uanui,0
baneth_cabed_lossen,0
baneth_cund_hand,0
baneth_curunir_aras,0
baneth_galvorn_rhosc,0
baneth_glass_galad,0
baneth_gobennas_lang,0
baneth_hwiniol_aphadrim,0
baneth_lorn_firen,0
baneth_melethril_calad,0
baneth_melethron_pod,1
baneth_nana_cae,0
baneth_pennas_hand,0
baneth_uruk_cirion,0
barad_Sindarin_ryn,0
barad_adan_soga,0
barad_ah_ank,0
barad_araf_loss,0
barad_aranarth_rovalug,0
barad_eirien_tann,0
barad_firion_ogol,0
barad_gellui_minas,0
barad_hadhod_aiglos,0
barad_manadh_iphant,0
barad_meldir_sirion,1
barad_nagol_lin,0
barad_nath_rhosc,0
barad_sogannen_glamog,0
bass_cenedril_navaer,0
bass_cirdan_lalaith,0
bass_cund_glaur,0
bass_cyron_tinnu,0
bass_espalass_nana,1
bass_faen_Tawarwaith,0
bass_faun_andrann,0
bass_firion_lin,0
bass_galvorn_alph,0
bass_imrath_gond,0
bass_loss_dirnaith,0
bass_lunt_muil,1
bass_muil_heledh,0
bass_paich_tamin,0
bass_ram_elvellon,0
bass_salph_min,0
bass_tathar_min,0
bass_tathar_saelor,0
bass_thangail_maen,0
baug_Elrim_curunir,0
baug_Ennor_hand,0
baug_aduial_meldir,0
baug_aerlinn_glaur,0
baug_amdir_rochir,0
baug_bain_maecheneb,0
baug_bellas_ang,0
baug_cenedril_naer,0
baug_dol_luithien,0
baug_eirien_celair,0
baug_eredh_salph,0
baug_fast_lebed,0
baug_fast_thavron,0
baug_gil_sador,0
baug_haradrim_angos,0
baug_melethril_pent,0
baug_mil_aerlinn,0
baug_rovalug_faen,0
baug_thurin_aerlinn,0
baug_uir_lalaith,0
bellas_Rochirrim_edlothiad,0
bellas_ah_aes,0
bellas_alph_honeg,0
bellas_barad_aerlinn,0
bellas_emel_iphant,0
bellas_grond_gwilwileth,0
bellas_hun_hador,0
bellas_imrath_uruk,0
bellas_ira_lend,0
bellas_ithildin_anann,0
bellas_muil_lavan,0
bellas_myril_aes,0
bellas_perian_ithildin,0
bellas_rust_agor,0
bragol_ablad_tathar,0
bragol_aeglir_tamin,0
bragol_aglareb_luith,0
bragol_araf_lhug,0
bragol_badhor_dam,1
bragol_cabed_ungol,0
bragol_caras_achas,0
bragol_dol_bronwe,1
bragol_fang_suil,1
bragol_fast_ai,0
bragol_fern_ris,0
bragol_fervain_baug,0
bragol_gil_noroth,0
bragol_glass_ang,0
bragol_gwador_celeb,0
bragol_heledir_panas,0
bragol_hervenn_raug,1
bragol_imlad_naer,0
bragol_manadh_heron,0
bragol_melethril_certh,0
bragol_myril_ai,0
bragol_ogol_Dornhoth,0
bragol_ogol_ryn,0
bragol_randir_tegilbor,0
bragol_rhovan_uir,0
braig_achad_firen,0
braig_aear_thor,0
braig_agarwaen_lembas,0
braig_alae_lobor,0
braig_alag_nana,1
braig_baneth_onodrim,0
braig_barad_hend,0
braig_bragol_elvellon,0
braig_callon_saig,0
braig_dam_rusc,0
braig_guldur_romru,0
braig_heledh_iaun,0
braig_hervenn_Sindarin,0
braig_lasguil_honeg,0
braig_lebdas_bain,1
braig_lembas_Druadan,1
braig_lobor_pess,0
braig_maecheneb_aderthad,0
braig_morgul_drafn,0
braig_neledh_saer,0
braig_perian_gath,0
braig_rhosc_glaur,1
braig_rochben_saig,0
braig_rom_ang,0
braig_tachol_nath,0
braig_thor_peredhel,0
bregedur_aeruil_hal,0
bregedur_alag_alae,0
bregedur_ank_nell,0
bregedur_cugu_Elrim,0
bregedur_curunir_bellas,0
bregedur_cyron_nadhras,0
bregedur_forodrim_lin,0
bregedur_gas_gilgalad,0
bregedur_gwathui_lend,1
bregedur_imrath_gwanur,0
bregedur_laes_firiel,0
bregedur_lain_peredhel,0
bregedur_laug_aear,0
bregedur_lebdas_iphant,1
bregedur_lebed_mil,0
bregedur_limlug_thamas,0
bregedur_naer_manadh,0
bregedur_nimbrethil_tann,0
bregedur_parf_rochir,0
bregedur_randir_lagor,0
bregedur_saer_ram,0
bregedur_saew_fervain,0
bregedur_uanui_fuin,0
bronwe_aduial_raegdan,0
bronwe_anwar_tinnu,0
bronwe_celair_firion,0
bronwe_dam_galadh,0
bronwe_echad_mithril,0
bronwe_faen_nestad,0
bronwe_fuin_ruith,0
bronwe_galadhrim_ira,0
bronwe_hub_galadhrim,0
bronwe_imrad_gwarth,0
bronwe_lorn_malad,0
bronwe_maecheneb_raegdan,0
bronwe_minas_celeb,0
bronwe_mithril_lass,0
bronwe_morn_aegas,0
bronwe_rom_aran,1
bronwe_salph_laer,0
bronwe_thangail_rhosc,0
bronwe_thurin_harad,0
bronwe_tirith_gond,1
cabed_Gwathuirim_amlug,0
cabed_agar_gond,0
cabed_alagos_lathron,0
cabed_badhor_aranarth,0
cabed_curunir_agor,0
cabed_dagnir_aderthad,0
cabed_fern_tavor,0
cabed_fuin_aglareb,0
cabed_galas_aear,0
cabed_galenas_rodwen,0
cabed_gwilwileth_haust,0
cabed_heledh_ai,0
cabed_midh_bellas,0
cabed_rist_celair,0
cabed_rusc_aiglos,0
cabed_sador_heledir,1
cabed_tamin_araf,0
cabed_thor_tobas,0
cabor_araf_Eru,0
cabor_aras_cyron,0
cabor_baug_ram,0
cabor_cair_faen,0
cabor_calad_rhosc,0
cabor_cuil_hand,1
cabor_eryn_rhovan,0
cabor_faradrim_gaurwaith,0
cabor_fast_dunadan,1
cabor_glandagol_alag,0
cabor_gwaloth_sirion,1
cabor_harad_amath,0
cabor_honeg_bain,1
cabor_ithron_maecheneb,0
cabor_lathron_gil,0
cabor_law_morn,0
cabor_lin_ninglor,0
cabor_maethor_cuil,0
cabor_ninglor_aduial,0
cabor_ogol_drego,0
cabor_randir_gaurwaith,0
cabor_ris_Ennor,0
cabor_ris_faen,0
cabor_rom_nath,0
cabor_saer_angos,0
cabor_tang_ninglor,0
cabor_tinuviel_eredh,0
cae_haeron_Mirion,0
cae_lachenn_Gwathuirim,0
cae_lalaith_aduial,0
cae_lin_adan,0
cae_melethron_nim,0
cae_midh_aith,0
cae_mir_certh,0
cae_mir_nana,0
cae_salph_angos,0
cae_sammar_rhosc,0
cae_sirion_Rochirrim,0
cae_suil_tavor,0
cae_yll_lossen,0
cair_aegas_noroth,0
cair_aeruil_cabed,0
cair_aeruil_lunt,0
cair_archam_dirnaith,1
cair_bragol_eryn,0
cair_certh_bellas,0
cair_cirion_sogannen,0
cair_cuin_helegnen,0
cair_eredh_roch,0
cair_galad_magol,0
cair_lathron_lagor,0
cair_lost_gli,1
cair_morn_nimbrethil,0
cair_naer_sogannen,1
cair_per_maecheneb,0
cair_pethron_tirith,0
cair_raegdan_cabor,0
cair_thavron_hast,0
cair_ulug_luithien,0
cair_ulug_min,0
calad_amath_bragol,0
calad_baug_hervess,0
calad_gellui_haudh,0
calad_gil_mund,0
calad_law_heron,0
calad_melethril_ogol,0
calad_mir_thavron,0
calad_mithril_tathar,0
calad_rhun_edlothiad,0
calad_rhun_mithren,0
calad_tann_glamog,0
callon_achas_soga,0
callon_aerlinn_Ennor,0
callon_alagos_erchion,0
callon_alph_meldir,0
callon_aran_nimbrethil,0
callon_certh_maen,0
callon_cirion_rusc,0
callon_ennorath_firen,0
callon_firen_eirien,0
callon_gas_aith,0
callon_gil_ruith,0
callon_guldur_ira,0
callon_gwachaedir_firen,0
callon_gwaun_hwiniol,0
callon_ira_gwilwileth,0
callon_laer_bregedur,0
callon_neledh_hadhod,0
callon_nestad_mindon,0
callon_nimbrethil_ira,0
callon_nur_onodrim,0
callon_ogol_faun,0
callon_rach_ai,0
callon_raef_luithien,0
callon_ryn_tamin,0
callon_thangail_rist,1
caras_Eluwaith_morn,0
caras_Mithrim_tinnu,0
caras_achad_amdir,0
caras_aglareb_ninglor,0
caras_cae_bronwe,0
caras_cuil_eglan,0
caras_fang_muil,0
caras_gas_bellas,0
caras_in_pilin,0
caras_ithron_hu,0
caras_lhug_baneth,0
caras_loss_vin,0
caras_nim_ist,1
caras_rach_nothrim,0
caras_raegdan_anwar,1
caras_ram_firiel,0
caras_tinnu_nadhras,1
celair_Druadan_pethron,0
celair_andrann_morn,0
celair_calad_limlug,0
celair_cuin_lebenedh,0
celair_dunedhel_midh,0
celair_eirien_honeg,0
celair_glaur_roch,0
celair_hu_fern,0
celair_in_ablad,1
celair_lunt_dunadan,0
celair_nim_hul,0
celair_peredhel_ruith,0
celair_rhach_firiel,0
celair_rodwen_saelor,0
celair_rom_lembas,0
celair_ruith_mereth,0
celair_tirith_tamin,0
celeb_Dornhoth_luithien,0
celeb_aeruil_aegas,0
celeb_aran_dunedhel,0
celeb_aranarth_aderthad,0
celeb_cugu_aglareb,1
celeb_galadhrim_pendrath,0
celeb_gond_aras,0
celeb_gondrath_hun,0
celeb_gwaun_achad,0
celeb_heledh_merilin,0
celeb_imloth_ablad,0
celeb_lang_hud,1
celeb_malad_ylf,0
celeb_romru_dirnaith,0
celeb_sogannen_heledh,1
celeb_yll_acharn,0
celon_Eru_Ennor,1
celon_ablad_agarwaen,0
celon_alag_hast,0
celon_barad_pendrath,0
celon_cirdan_lend,0
celon_galadhrim_minas,0
celon_galvorn_lalaith,0
celon_gaurwaith_elvellon,0
celon_gil_lebenedh,0
celon_gwachaedir_faen,0
celon_gwarth_forodrim,0
celon_hador_iaun,1
celon_heledh_hast,0
celon_heleg_iaun,0
celon_honeg_bregedur,0
celon_lathron_Elrim,0
celon_magol_ank,0
celon_magor_raef,0
celon_per_limlug,0
celon_pethron_law,0
celon_ulug_Mirion,0
cenedril_ank_firion,0
cenedril_barad_duin,0
cenedril_bronwe_nur,0
cenedril_galadh_erchion,0
cenedril_haradrim_drafn,0
cenedril_tann_gwend,0
cenedril_tegilbor_cuin,0
cenedril_ulug_minuial,1
cenedril_uruk_gwachaedir,0
certh_Eru_aranarth,0
certh_Mithrim_yll,0
certh_adel_inias,0
certh_amath_heledh,0
certh_baneth_graw,0
certh_draug_lend,0
certh_emel_glandagol,0
certh_ennorath_salph,1
certh_gorn_pendrath,0
certh_gwend_aegas,0
certh_lagor_cabed,0
certh_laug_aerlinn,0
certh_tang_hub,0
certh_uanui_mil,1
cirdan_alae_rochir,0
cirdan_caras_cund,1
cirdan_cuil_andrann,0
cirdan_galad_calad,0
cirdan_galadh_Mithrim,1
cirdan_gilgalad_cuin,0
cirdan_guldur_hun,1
cirdan_lachenn_suil,1
cirdan_lin_achas,0
cirdan_luith_merilin,0
cirdan_naer_nana,0
cirdan_narthan_ira,0
cirdan_pethron_harad,0
cirdan_rochir_rust,0
cirdan_saig_grond,0
cirion_ablad_puig,0
cirion_ah_celon,0
cirion_espalass_tinnu,0
cirion_fang_Sindarin,0
cirion_hun_lathron,0
cirion_idhren_luith,0
cirion_lebed_forodrim,1
cirion_mir_pent,0
cirion_muinthel_iaun,0
cirion_neledh_lorn,0
cirion_ruith_aiglos,0
cirion_soga_gwador,0
corch_Gwathuirim_rist,0
corch_Ithil_mithren,1
corch_aras_ang,0
corch_aras_gaur,0
corch_bragol_hast,1
corch_bronwe_adab,0
corch_dam_loss,0
corch_drafn_thurin,0
corch_fervain_melethron,0
corch_firion_meril,0
corch_galvorn_gwachaedir,0
corch_gath_gobennas,0
corch_gaw_erchion,0
corch_grond_bellas,0
corch_gwend_lathron,0
corch_hal_gaw,1
corch_meldir_draug,1
corch_merilin_thurin,1
corch_morn_laes,0
corch_perian_lobor,0
corch_riel_lathron,0
corch_rudh_bellas,0
corch_saer_laer,1
corch_salph_mithren,0
corch_tirith_nur,0
corch_uruk_puig,0
corf_aeruil_gwador,0
corf_amlug_luin,0
corf_bregedur_amath,0
corf_corch_alph,1
corf_dam_hud,0
corf_dirnaith_cund,0
corf_dunadan_nimbrethil,0
corf_dunedhel_amlug,0
corf_espalass_gil,0
corf_gobennas_gaur,0
corf_lin_ogol,1
corf_raug_lam,0
corf_rudh_fern,0
corf_salab_minuial,0
cugu_Ithil_achad,0
cugu_aith_thor,0
cugu_amarth_tobas,0
cugu_anann_imloth,0
cugu_araf_cirdan,1
cugu_aranarth_lacha,0
cugu_aras_Rochirrim,0
cugu_draug_heleg,0
cugu_dunedhel_ist,0
cugu_eilian_andrann,1
cugu_gaw_meril,0
cugu_gondrath_hand,1
cugu_hul_ist,0
cugu_inias_fern,0
cugu_meldir_nadhras,0
cugu_mund_gorn,0
cugu_narthan_hand,0
cugu_nestad_cae,0
cugu_paich_eredh,0
cugu_pilin_rodwen,0
cugu_roch_corf,0
cugu_tamin_helegnen,0
cugu_thurin_alag,0
cugu_uanui_achas,0
cuil_Tawarwaith_meldir,0
cuil_ablad_rhosc,0
cuil_amon_ira,1
cuil_barad_gwador,0
cuil_caras_mindon,0
cuil_cirion_gwarth,0
cuil_duin_saew,0
cuil_firiel_minas,0
cuil_forodrim_glamog,0
cuil_haeron_ogol,0
cuil_iaun_thavron,0
cuil_imlad_suil,0
cuil_lasguil_rovalug,0
cuil_lend_nost,0
cuil_limlug_gilgalad,0
cuil_lin_sirion,0
cuil_mindon_galvorn,0
cuil_ram_thavron,0
cuil_rhosc_iar,1
cuil_uruk_aderthad,0
cuil_ylf_cugu,0
cuin_Dornhoth_Ithil,0
cuin_adan_heledh,0
cuin_eilian_law,0
cuin_elu_loss,0
cuin_erchion_minas,0
cuin_gondrath_nimbrethil,1
cuin_gwael_cirion,0
cuin_gwaloth_baneth,0
cuin_hast_faen,0
cuin_imrad_draug,0
cuin_ingem_aran,0
cuin_lin_erchion,0
cuin_lin_rochir,0
cuin_mindon_pethron,0
cuin_nidh_meril,0
cund_Elrim_suil,0
cund_aerlinn_riel,0
cund_agar_emel,0
cund_ah_lagor,0
cund_bragol_dirnaith,0
cund_cabor_ingem,0
cund_drafn_adel,0
cund_lacha_haudh,0
cund_lacha_tachol,1
cund_lam_iar,0
cund_mirdan_tamin,0
cund_per_parf,0
cund_roch_magol,0
cund_rom_Sindarin,0
cund_tavor_draug,0
cund_tavor_uan,0
curunir_Eru_adan,0
curunir_gellui_nur,0
curunir_gobennas_eirien,0
curunir_graw_cae,0
curunir_heleg_hu,0
curunir_hwiniol_thul,0
curunir_lalaith_ram,1
curunir_lembas_thavron,0
curunir_luith_tirith,0
curunir_manadh_guldur,0
curunir_mirdan_tavor,0
curunir_nagol_idhren,0
curunir_per_haradrim,1
curunir_pilin_tegilbor,0
curunir_rist_cirion,0
curunir_rochir_narthan,0
curunir_ruith_firiel,0
curunir_sogannen_angos,1
cyron_Ithil_bass,0
cyron_ai_mund,0
cyron_alagos_malad,0
cyron_ank_uruk,0
cyron_baug_Rochirrim,1
cyron_baug_aes,0
cyron_cuil_gwend,1
cyron_draug_bain,0
cyron_duin_cuin,0
cyron_eglan_harad,0
cyron_emel_mir,0
cyron_gath_nimbrethil,1
cyron_gwend_faen,0
cyron_hal_lacha,0
cyron_hub_ungol,0
cyron_hun_ai,0
cyron_hwiniol_nath,0
cyron_iar_gwend,0
cyron_iphant_nagol,0
cyron_nadhras_lang,0
cyron_perian_pod,1
cyron_rhun_glass,0
cyron_soga_alag,0
cyron_thangail_hador,1
daen_cabor_sador,0
daen_celon_emel,0
daen_cenedril_maethor,0
daen_cuin_ira,0
daen_cund_mir,0
daen_ennorath_dam,1
daen_gaurwaith_inias,0
daen_gwael_grond,0
daen_harad_tang,0
daen_hast_elvellon,0
daen_inias_gobennas,0
daen_lathron_aderthad,0
daen_lavan_dirnaith,0
daen_maen_aderthad,0
daen_mithren_hwiniol,0
daen_muil_dunadan,0
daen_narthan_ingem,0
daen_parf_heron,1
daen_saer_achad,0
daen_salph_mir,0
daen_sammar_cugu,0
daen_sogannen_lachenn,1
daen_thurin_Ennor,1
dagnir_Rochirrim_lhug,0
dagnir_amdir_neledh,0
dagnir_cund_iaun,0
dagnir_faradrim_fae,0
dagnir_faradrim_idhren,1
dagnir_fern_uruk,1
dagnir_galvorn_riel,0
dagnir_gaur_minuial,0
dagnir_hwiniol_Gonhir,0
dagnir_lalaith_lasguil,0
dagnir_laug_gwaloth,0
dagnir_morn_nim,0
dagnir_mund_tegilbor,0
dagnir_onodrim_iar,0
dagnir_pilin_ryn,0
dagnir_raef_thor,0
dagnir_rodwen_nestad,0
dagnir_rust_ogol,0
dagnir_soga_loss,0
dagnir_tathar_pilin,0
dam_Sindarin_fae,0
dam_adan_uruk,0
dam_aes_haudh,0
dam_agor_glandagol,0
dam_cae_noroth,0
dam_daen_lobor,0
dam_emel_myril,0
dam_gath_imloth,0
dam_gwathui_nothrim,1
dam_gwaun_andrann,0
dam_heledir_faun,0
dam_hwiniol_ablad,0
dam_lebenedh_hal,0
dam_lossen_draug,0
dam_nimp_imlad,0
dam_pennas_gwachaedir,0
dam_per_aear,0
dam_rom_lebdas,0
dam_talraph_imrath,0
dam_tann_lhug,0
dam_thamas_galenas,0
dannas_agar_faun,0
dannas_ah_tang,0
dannas_cabed_glaur,0
dannas_draug_gwaloth,0
dannas_erchion_maethor,0
dannas_fast_nath,0
dannas_gobennas_gas,0
dannas_haeron_imrad,0
dannas_hand_lavan,0
dannas_hu_myril,0
dannas_iaun_per,0
dannas_lebenedh_navaer,0
dannas_morgul_rhovan,0
dannas_navaer_loss,0
dannas_parf_harad,0
dannas_pod_glass,0
dannas_tavor_ira,0
dannas_ylf_archam,0
dirnaith_Ithil_eilian,0
dirnaith_adar_thangail,0
dirnaith_aderthad_amloth,0
dirnaith_aglareb_neledh,0
dirnaith_archam_barad,0
dirnaith_cair_gobennas,0
dirnaith_galadh_aiglos,0
dirnaith_grond_gwaun,0
dirnaith_guldur_lembas,0
dirnaith_gwaloth_Sindarin,0
dirnaith_gwaloth_ablad,0
dirnaith_heledir_salab,0
dirnaith_heron_angos,0
dirnaith_lalaith_muinthel,0
dirnaith_manadh_navaer,0
dirnaith_nimp_hu,1
dirnaith_rust_magol,0
dirnaith_thangail_haradrim,1
dirnaith_ungol_Sindarin,0
dirnaith_ungol_aerlinn,0
dol_Dornhoth_in,0
dol_Mithrim_Ithil,0
dol_alph_ungol,0
dol_amarth_raegdan,1
dol_amlug_mir,0
dol_bragol_eglan,0
dol_cabed_saer,0
dol_celeb_braig,0
dol_certh_lang,0
dol_cugu_galenas,0
dol_dunadan_echad,0
dol_faun_tathar,0
dol_firion_lebenedh,0
dol_gond_mil,1
dol_gwaun_aras,1
dol_meldir_celair,0
dol_morn_lobor,1
dol_nur_tinnu,1
dol_raef_gond,0
dol_rom_gaw,0
dol_sammar_mirdan,0
dol_thor_galas,0
drafn_Ennor_ithildin,0
drafn_alagos_ulug,0
drafn_amdir_nur,0
drafn_aran_lavan,0
drafn_cae_ai,0
drafn_celeb_gaw,0
drafn_cirion_caras,0
drafn_cuil_glamor,0
drafn_drego_raef,0
drafn_gaurwaith_Elrim,0
drafn_gaurwaith_alph,0
drafn_gwaun_malad,0
drafn_luith_cenedril,0
drafn_luith_eilian,1
drafn_mindon_emel,0
drafn_narthan_hervess,0
drafn_nur_minas,0
drafn_nur_narthan,0
draug_alae_aith,0
draug_alag_nothrim,0
draug_amdir_adar,0
draug_bronwe_espalass,0
draug_cabor_tamin,0
draug_eilian_alph,0
draug_ennorath_nadhras,0
draug_eryn_paich,0
draug_firion_angos,0
draug_gath_araf,0
draug_hand_nidh,1
draug_hast_aduial,0
draug_laug_araf,0
draug_mereth_nimbrethil,0
draug_noroth_baneth,0
draug_panas_tinuviel,0
draug_pent_merilin,1
draug_rhovan_drego,0
draug_rist_peredhel,0
draug_romru_achad,0
draug_rusc_nost,0
draug_sador_gond,0
draug_saig_gond,0
draug_soga_lain,0
draug_thavron_gwachaedir,0
draug_tinnu_lorn,0
draug_ulug_aear,0
draug_yll_per,0
drego_amdir_naer,0
drego_ang_hun,0
drego_aras_fern,1
drego_barad_edlothiad,0
drego_baug_eredh,0
drego_bronwe_cair,0
drego_celair_imloth,0
drego_dirnaith_hand,0
drego_elu_lagor,0
drego_gilgalad_fast,0
drego_hal_Ithil,0
drego_hervenn_thul,0
drego_laer_tathar,1
drego_nadhras_hun,0
drego_nadhras_limlug,0
drego_nimbrethil_dagnir,0
drego_nothrim_curunir,1
drego_nothrim_graw,0
drego_parf_melethron,0
drego_rom_lorn,1
drego_tegilbor_aras,0
duin_aduial_rochir,0
duin_anann_morn,0
duin_aras_navaer,0
duin_bragol_ennorath,0
duin_bronwe_badhor,0
duin_cyron_pennas,1
duin_fae_gwaun,0
duin_faen_edlothiad,0
duin_gath_bregedur,0
duin_gaurwaith_nim,1
duin_glae_ennorath,0
duin_hwiniol_amlug,0
duin_lacha_midh,0
duin_lebed_talraph,0
duin_merilin_imrath,1
duin_nothrim_baug,0
duin_panas_tann,0
duin_raef_galenas,0
duin_saelor_saer,0
duin_talraph_limlug,0
duin_vin_soga,0
dunadan_Ennor_roch,1
dunadan_Gwathuirim_Elrim,0
dunadan_Gwathuirim_nimp,0
dunadan_Sindarin_alph,0
dunadan_amloth_saew,0
dunadan_barad_bregedur,0
dunadan_bellas_per,0
dunadan_bregedur_aras,0
dunadan_calad_tinnu,0
dunadan_eglan_aduial,0
dunadan_forodrim_hervenn,0
dunadan_gath_edlothiad,0
dunadan_gilgalad_idhren,0
dunadan_gwador_fuin,1
dunadan_hadhod_thavron,0
dunadan_heledh_nestad,0
dunadan_iaun_bass,0
dunadan_imrath_galas,0
dunadan_laes_eredh,0
dunadan_lebdas_lunt,1
dunadan_mereth_thangail,1
dunadan_minuial_alagos,1
dunadan_onodrim_cugu,0
dunadan_ris_tathar,0
dunadan_tachol_elvellon,0
dunadan_tachol_manadh,0
dunedhel_aes_firen,0
dunedhel_aiglos_Sindarin,0
dunedhel_andrann_raef,0
dunedhel_aranarth_neledh,0
dunedhel_cair_gond,0
dunedhel_dirnaith_imlad,0
dunedhel_elu_gwador,0
dunedhel_haust_yll,0
dunedhel_heron_acharn,1
dunedhel_imlad_lang,0
dunedhel_ira_aduial,0
dunedhel_lembas_agor,1
dunedhel_luith_firen,0
dunedhel_muil_emel,0
dunedhel_rhovan_navaer,1
dunedhel_saelor_dirnaith,0
echad_aerlinn_parf,0
echad_agarwaen_pennas,0
echad_aglareb_rist,0
echad_amdir_fang,0
echad_cund_maen,0
echad_erchion_tegilbor,1
echad_galadh_bass,0
echad_hend_ithildin,0
echad_hwiniol_lain,0
echad_lasguil_amath,0
echad_mir_mindon,0
echad_peredhel_hast,0
echad_pilin_aderthad,0
echad_thul_cuin,0
echad_yll_sador,0
edlothiad_achad_sogannen,0
edlothiad_aduial_lebed,0
edlothiad_aear_gli,0
edlothiad_aegas_tathar,0
edlothiad_alph_baug,0
edlothiad_amon_lin,0
edlothiad_aphadrim_lass,0
edlothiad_celon_aegas,0
edlothiad_cirdan_limlug,0
edlothiad_faen_fuin,0
edlothiad_fast_gellui,0
edlothiad_glae_hal,1
edlothiad_gwael_baneth,0
edlothiad_ithildin_galvorn,1
edlothiad_ithildin_uruk,0
edlothiad_lorn_pess,0
edlothiad_pent_magor,0
edlothiad_randir_bellas,0
edlothiad_romru_nath,1
eglan_Gwathuirim_amlug,0
eglan_Gwathuirim_minuial,0
eglan_Ithil_Tawarwaith,0
eglan_aegas_cuin,0
eglan_araf_gwachaedir,0
eglan_baneth_elu,0
eglan_faun_galvorn,0
eglan_gil_menel,0
eglan_heledh_rochir,0
eglan_law_rovalug,0
eglan_loss_onodrim,0
eglan_muinthel_heleg,0
eglan_naer_cyron,1
eglan_nimbrethil_agarwaen,0
eglan_rovalug_manadh,0
eglan_thangail_corf,0
eilian_aes_firiel,0
eilian_aglareb_laes,0
eilian_cirion_ram,0
eilian_gondrath_faun,1
eilian_ist_lebed,0
eilian_lass_faen,0
eilian_lebenedh_rovalug,1
eilian_lembas_eredh,0
eilian_mithren_ithron,0
eilian_muinthel_sogannen,0
eilian_riel_lebdas,0
eilian_roch_ira,0
eilian_ryn_morgul,0
eilian_saer_saew,0
eilian_thavron_amloth,0
eirien_Ennor_haust,0
eirien_Ithil_sirion,0
eirien_Mithrim_amloth,0
eirien_agarwaen_Elrim,0
eirien_alagos_gas,0
eirien_calad_ank,0
eirien_elu_harad,0
eirien_faun_nost,0
eirien_firen_espalass,0
eirien_forodrim_merilin,0
eirien_galad_fervain,1
eirien_galadhrim_hervenn,1
eirien_galvorn_aear,0
eirien_gaur_maen,0
eirien_gaur_morgul,0
eirien_gellui_calad,0
eirien_heleg_tirith,0
eirien_hervenn_aranarth,0
eirien_lhug_adab,0
eirien_mil_callon,0
eirien_pess_cund,0
eirien_saer_galadh,0
eirien_tinuviel_gwend,1
elu_Eluwaith_aerlinn,0
elu_Eru_thurin,0
elu_ang_galas,0
elu_bain_saer,0
elu_celeb_iphant,0
elu_gaurwaith_galas,0
elu_gobennas_curunir,0
elu_heleg_rusc,0
elu_limlug_nath,0
elu_lin_thangail,0
elu_loss_lin,0
elu_min_ruith,1
elu_mithril_aglareb,0
elu_nothrim_maecheneb,0
elu_randir_nagol,0
elu_rhach_bain,0
elu_sirion_cae,0
elvellon_Gonhir_bronwe,1
elvellon_alph_panas,0
elvellon_cirion_gwend,0
elvellon_cugu_dunadan,0
elvellon_draug_aegas,0
elvellon_fae_raegdan,0
elvellon_galvorn_suil,1
elvellon_glamog_achas,0
elvellon_gondrath_barad,0
elvellon_guldur_ai,1
elvellon_imrath_eryn,0
elvellon_lebenedh_pethron,1
elvellon_lend_aith,0
elvellon_lobor_duin,0
elvellon_mir_nana,1
elvellon_nost_rist,0
elvellon_ram_gil,0
elvellon_saer_hud,0
elvellon_tegilbor_callon,0
emel_Tawarwaith_maecheneb,0
emel_aran_rochir,1
emel_honeg_perian,0
emel_iar_eilian,0
emel_imrath_eilian,0
emel_lebdas_aran,0
emel_merilin_faen,0
emel_mithril_rusc,1
emel_nimp_tann,0
emel_ogol_bragol,0
emel_perian_minuial,0
emel_rust_hun,0
emel_saer_pendrath,0
emel_sammar_Dornhoth,0
emel_sammar_saew,0
ennorath_Gonhir_corf,0
ennorath_aglareb_ris,0
ennorath_cenedril_panas,0
ennorath_cund_achas,0
ennorath_drafn_rach,0
ennorath_eglan_gul,0
ennorath_glandagol_glaur,0
ennorath_lathron_iaun,0
ennorath_luin_cenedril,1
ennorath_meril_ulug,1
ennorath_minas_imloth,0
ennorath_myril_limlug,0
ennorath_pilin_menel,0
ennorath_ram_heledh,0
ennorath_ram_nimp,1
ennorath_rom_gas,0
ennorath_salph_gorn,0
ennorath_suil_luithien,0
erchion_Eru_gondrath,0
erchion_achas_morn,0
erchion_adar_panas,0
erchion_alph_corch,1
erchion_cabor_gador,0
erchion_dagnir_lunt,0
erchion_drafn_hud,0
erchion_drafn_rhovan,0
erchion_emel_sador,0
erchion_eredh_ang,0
erchion_gas_lunt,0
erchion_gilgalad_rust,0
erchion_lin_hend,0
erchion_lobor_amarth,0
erchion_magor_lam,0
erchion_nur_heledir,0
erchion_nur_perian,0
erchion_pethron_nestad,1
erchion_ris_min,0
erchion_salab_hervess,0
eredh_bragol_lin,0
eredh_cae_lalaith,0
eredh_draug_gond,0
eredh_gador_gul,0
eredh_galas_sirion,0
eredh_glamog_haradrim,0
eredh_glass_naer,0
eredh_gwador_aear,0
eredh_hand_faun,1
eredh_hervenn_lorn,0
eredh_iar_gwilwileth,0
eredh_limlug_acharn,0
eredh_lin_drego,0
eredh_mir_cair,0
eredh_nana_cenedril,0
eredh_onodrim_per,0
eredh_sogannen_hun,0
eredh_tinuviel_Ennor,0
eryn_Gonhir_gwael,0
eryn_Mithrim_saig,0
eryn_acharn_cugu,0
eryn_aes_cirdan,0
eryn_aras_gwador,0
eryn_badhor_rhun,0
eryn_bragol_tinnu,0
eryn_drafn_rust,0
eryn_fae_cuin,0
eryn_haudh_rhach,0
eryn_hervenn_hast,0
eryn_lain_gond,0
eryn_lhug_lagor,0
eryn_magol_mil,0
eryn_nagol_thamas,0
eryn_ogol_ang,0
eryn_saer_dunedhel,0
eryn_tinuviel_luith,0
eryn_ulug_muinthel,0
espalass_aeruil_imloth,0
espalass_alag_hend,0
espalass_barad_thul,0
espalass_bass_gwilwileth,0
espalass_bellas_ai,0
espalass_curunir_nestad,0
espalass_elu_Ithil,0
espalass_gath_saew,1
espalass_gorn_edlothiad,0
espalass_gorn_hal,0
espalass_gul_nim,1
espalass_gwador_anwar,0
espalass_gwathui_ank,0
espalass_heledir_raug,0
espalass_honeg_thor,0
espalass_ira_tann,0
espalass_ist_pent,0
espalass_lang_randir,0
espalass_lebenedh_pethron,0
espalass_lorn_narthan,0
espalass_luith_Dornhoth,0
espalass_mithril_ah,0
espalass_onodrim_guldur,0
espalass_raegdan_guldur,0
espalass_randir_bregedur,0
espalass_rhovan_eryn,0
fae_ang_limlug,0
fae_anwar_parf,0
fae_cabed_gond,0
fae_elvellon_echad,0
fae_galenas_muinthel,0
fae_gil_erchion,0
fae_honeg_tirith,0
fae_imlad_nagol,0
fae_imloth_calad,0
fae_mereth_aear,0
fae_mindon_mithren,0
fae_noroth_neledh,1
fae_saer_maen,0
faen_agarwaen_lin,0
faen_aran_rhovan,0
faen_cae_hal,0
faen_corf_tegilbor,0
faen_dagnir_faun,0
faen_dunedhel_achad,0
faen_forodrim_galas,0
faen_gaur_hal,0
faen_gellui_lebed,0
faen_gond_alagos,0
faen_iphant_Eluwaith,1
faen_ist_aphadrim,0
faen_laer_glae,0
faen_lam_lost,0
faen_lossen_tathar,0
faen_lost_faradrim,0
faen_minas_laer,0
faen_mund_gwathui,0
faen_naer_anann,0
faen_pilin_hervenn,1
faen_ram_drafn,1
faen_saig_aes,0
faen_salph_nimbrethil,0
faen_thurin_lacha,0
faen_uruk_tavor,0
fang_celon_aear,0
fang_celon_gwachaedir,1
fang_dirnaith_faradrim,0
fang_dol_lebenedh,0
fang_ennorath_lalaith,0
fang_gilgalad_haradrim,0
fang_glaur_amloth,0
fang_gwilwileth_Eluwaith,0
fang_haust_sador,0
fang_heron_malad,1
fang_ithron_celair,0
fang_lacha_tobas,0
fang_luin_ithildin,0
fang_minas_mindon,0
fang_muil_idhren,0
fang_nath_thavron,0
fang_noroth_tegilbor,0
fang_nost_ruith,0
fang_sirion_imlad,0
fang_toll_eilian,0
fang_ulug_acharn,0
faradrim_aderthad_rovalug,1
faradrim_agarwaen_hand,0
faradrim_curunir_faen,0
faradrim_drego_muil,0
faradrim_gwaloth_adan,0
faradrim_hand_aglareb,0
faradrim_hast_hud,0
faradrim_haudh_uan,0
faradrim_hervenn_dagnir,0
faradrim_ira_Dornhoth,0
faradrim_lavan_nost,0
faradrim_maethor_hu,0
faradrim_nimbrethil_morgul,0
faradrim_noroth_aderthad,0
faradrim_panas_cirion,0
faradrim_pent_faun,0
faradrim_riel_heledir,0
faradrim_salph_imrath,0
faradrim_tathar_drego,1
faradrim_thavron_saelor,0
fast_Rochirrim_sammar,0
fast_adan_tavor,0
fast_agarwaen_dam,0
fast_bass_lossen,0
fast_bragol_menel,0
fast_celeb_cyron,0
fast_corch_gwador,0
fast_dunadan_soga,1
fast_fervain_min,0
fast_graw_ist,0
fast_haradrim_lembas,0
fast_hervenn_ylf,0
fast_magol_hud,0
fast_minas_menel,0
fast_morn_luithien,0
fast_muil_aes,0
fast_nothrim_alagos,0
fast_rach_saew,0
fast_ram_ithron,0
fast_randir_gellui,0
fast_ylf_cugu,0
faun_Ithil_celeb,0
faun_adab_honeg,0
faun_amlug_imlad,0
faun_ang_lebdas,1
faun_certh_gorn,0
faun_curunir_lagor,1
faun_dagnir_limlug,0
faun_fern_hud,0
faun_gath_Mithrim,1
faun_glandagol_raug,0
faun_haeron_adan,0
faun_navaer_honeg,0
faun_nur_gwend,0
faun_soga_perian,0
faun_talraph_melethril,0
faun_tamin_draug,0
fern_Tawarwaith_Dornhoth,0
fern_aderthad_amdir,0
fern_aduial_muinthel,0
fern_alae_cund,0
fern_badhor_luin,0
fern_cirion_lalaith,0
fern_gador_gli,0
fern_galenas_eryn,0
fern_galenas_limlug,0
fern_glae_rovalug,0
fern_grond_ruith,1
fern_guldur_Ennor,0
fern_gwend_amarth,0
fern_haradrim_Eru,0
fern_hervenn_minai,0
fern_lunt_gilgalad,0
fern_nadhras_ogol,0
fern_nim_Tawarwaith,0
fern_ram_aduial,0
fern_rhosc_ryn,0
fern_rom_amloth,0
fern_rust_alae,0
fern_sammar_Ennor,0
fern_tathar_fast,0
fern_tinnu_muil,0
fervain_Rochirrim_glandagol,1
fervain_aegas_cabed,1
fervain_aglareb_bain,0
fervain_ai_agarwaen,0
fervain_balrog_puig,0
fervain_cirdan_drafn,0
fervain_corch_mil,1
fervain_dam_acharn,0
fervain_dunadan_roch,0
fervain_faun_mereth,0
fervain_gellui_Mirion,0
fervain_gwaun_hadhod,0
fervain_gwaun_lebed,1
fervain_hast_Mithrim,0
fervain_ist_eryn,1
fervain_lalaith_erchion,0
fervain_lasguil_tachol,0
fervain_lend_gli,0
fervain_luin_morgul,0
fervain_maecheneb_baneth,0
fervain_mereth_agar,0
fervain_nim_gond,0
fervain_nimp_calad,0
fervain_noroth_galadhrim,1
fervain_noroth_menel,0
fervain_perian_maecheneb,0
fervain_roch_per,0
fervain_rodwen_adar,0
fervain_ruith_baneth,0
fervain_sirion_celon,0
fervain_tamin_aranarth,0
fervain_tamin_hend,0
fervain_uruk_pent,0
firen_calad_uir,0
firen_certh_Ennor,0
firen_eglan_thamas,0
firen_elu_haust,0
firen_eryn_lathron,0
firen_faun_rochir,0
firen_firion_perian,0
firen_gador_dol,0
firen_haust_heledh,0
firen_lathron_idhren,0
firen_lunt_echad,1
firen_min_aranarth,0
firen_nadhras_thor,0
firen_nestad_gath,0
firen_pendrath_onodrim,0
firen_pennas_gellui,0
firiel_adab_tegilbor,0
firiel_amlug_imloth,0
firiel_cae_gwael,1
firiel_dam_randir,0
firiel_elvellon_noroth,0
firiel_elvellon_rhun,0
firiel_firion_randir,0
firiel_gas_nimp,0
firiel_gwarth_merilin,0
firiel_gwathui_gil,0
firiel_honeg_Gwathuirim,0
firiel_ingem_fae,1
firiel_lasguil_tang,0
firiel_laug_rusc,0
firiel_lost_loss,0
firiel_maen_anann,0
firiel_mil_laes,0
firiel_mil_romru,0
firiel_mirdan_edlothiad,0
firiel_pent_saelor,0
firiel_peredhel_morn,0
firiel_pethron_bregedur,0
firiel_raegdan_alagos,0
firiel_suil_Druadan,0
firiel_tang_parf,0
firion_acharn_glae,0
firion_bain_annon,0
firion_cair_hal,0
firion_celair_aphadrim,0
firion_celeb_honeg,1
firion_dunadan_heron,0
firion_gli_drego,0
firion_hadhod_caras,0
firion_harad_morn,0
firion_lebdas_perian,0
firion_mindon_inias,0
firion_nimbrethil_aes,0
firion_saer_morgul,0
firion_tavor_gaw,0
firion_tinnu_certh,0
forodrim_Elrim_rusc,0
forodrim_andrann_malad,0
forodrim_eilian_galenas,0
forodrim_fang_aras,0
forodrim_glamor_imrath,1
forodrim_hal_adab,0
forodrim_hul_puig,0
forodrim_idhren_navaer,0
forodrim_in_saer,0
forodrim_ira_elvellon,0
forodrim_laer_barad,0
forodrim_malad_nimp,0
forodrim_mindon_morn,0
forodrim_nell_thamas,0
forodrim_pethron_salph,0
forodrim_pilin_curunir,0
forodrim_raegdan_malad,0
forodrim_rust_roch,0
forodrim_talraph_nestad,0
forodrim_toll_laug,0
fuin_amdir_sirion,0
fuin_cuil_alag,0
fuin_dannas_hervenn,0
fuin_firen_sogannen,0
fuin_gador_amarth,0
fuin_lavan_mindon,0
fuin_naer_Ennor,0
fuin_parf_agor,0
fuin_perian_iphant,1
gador_aderthad_firion,1
gador_badhor_nothrim,0
gador_bain_meril,0
gador_cabed_edlothiad,0
gador_caras_bellas,0
gador_celair_tirith,0
gador_dagnir_maethor,0
gador_dirnaith_rach,0
gador_ennorath_galenas,1
gador_faun_sador,0
gador_fern_luith,0
gador_glandagol_elvellon,0
gador_hal_bragol,0
gador_harad_tinnu,0
gador_ingem_cund,0
gador_luith_panas,0
gador_mereth_callon,1
gador_nimp_rusc,1
gador_ninglor_bregedur,0
gador_pendrath_bragol,0
gador_rach_aiglos,1
gador_roch_heledir,0
gador_uruk_thor,0
gador_ylf_dannas,0
galad_agar_glae,0
galad_aras_Dornhoth,0
galad_aras_firion,0
galad_bellas_hand,0
galad_cabor_pess,0
galad_dol_emel,0
galad_eglan_angos,1
galad_erchion_harad,0
galad_gobennas_hwiniol,0
galad_gobennas_idhren,1
galad_grond_toll,0
galad_gwathui_riel,0
galad_haudh_salab,0
galad_hervenn_minai,0
galad_lavan_iphant,0
galad_lobor_lalaith,0
galad_mil_heledir,0
galad_morgul_mir,0
galad_muil_daen,0
galadh_Dornhoth_haeron,0
galadh_Tawarwaith_Druadan,1
galadh_adar_ah,0
galadh_aear_magor,0
galadh_ah_aphadrim,0
galadh_eglan_adab,0
galadh_gul_lost,1
galadh_hador_sogannen,0
galadh_hand_luithien,0
galadh_hend_gwarth,0
galadh_hend_thurin,0
galadh_lorn_ris,0
galadh_lossen_peredhel,0
galadh_narthan_araf,0
galadh_nell_fuin,0
galadh_rhosc_thul,0
galadh_rhun_lebed,0
galadh_romru_lembas,0
galadhrim_ablad_noroth,0
galadhrim_aranarth_Ithil,0
galadhrim_caras_naer,0
galadhrim_corf_faen,0
galadhrim_eilian_melethril,0
galadhrim_eryn_Mithrim,1
galadhrim_fervain_faen,0
galadhrim_fuin_lasguil,0
galadhrim_guldur_haudh,0
galadhrim_gwarth_alae,0
galadhrim_gwarth_echad,0
galadhrim_haust_adan,0
galadhrim_lachenn_edlothiad,0
galadhrim_laer_imrad,0
galadhrim_paich_rhovan,0
galadhrim_per_harad,0
galadhrim_raef_mithren,1
galadhrim_ram_cenedril,0
galadhrim_suil_tinuviel,0
galadhrim_tang_braig,1
galadhrim_tegilbor_haradrim,0
galadhrim_tegilbor_lembas,0
galadhrim_tobas_saelor,0
galas_Mirion_fervain,0
galas_achad_lain,1
galas_achas_dannas,0
galas_agor_nimbrethil,0
galas_amlug_peredhel,0
galas_angos_dunadan,0
galas_angos_lost,1
galas_cabed_uruk,0
galas_cenedril_gul,0
galas_dirnaith_hud,0
galas_dunedhel_rist,1
galas_fervain_eglan,0
galas_firen_hend,0
galas_fuin_amarth,0
galas_gaw_drafn,1
galas_gil_pendrath,0
galas_gond_glae,1
galas_hub_gwaun,0
galas_lachenn_tavor,0
galas_lasguil_gath,0
galas_magor_ungol,0
galas_melethril_elu,0
galas_minuial_lin,0
galas_morgul_alae,0
galas_nimp_fae,0
galas_pent_rudh,0
galas_pess_bronwe,1
galas_tavor_lhug,0
galas_uanui_espalass,0
galenas_Mirion_lost,0
galenas_amath_lembas,0
galenas_ank_midh,0
galenas_aran_calad,0
galenas_cae_galad,0
galenas_cirion_per,0
galenas_galvorn_glandagol,1
galenas_gellui_celeb,1
galenas_haeron_aeruil,0
galenas_hand_heleg,0
galenas_ist_balrog,0
galenas_ithron_loss,1
galenas_lebed_min,0
galenas_lobor_panas,0
galenas_luithien_suil,0
galenas_lunt_thul,0
galenas_mil_nost,0
galenas_minuial_firiel,0
galenas_rodwen_lorn,0
galenas_rudh_gil,0
galenas_ruith_caras,0
galenas_salph_nimbrethil,0
galenas_salph_saelor,0
galvorn_Gonhir_nim,0
galvorn_adab_melethron,0
galvorn_aranarth_pent,0
galvorn_cair_Mithrim,0
galvorn_certh_achas,0
galvorn_dunedhel_thor,0
galvorn_glamor_galenas,0
galvorn_gwaloth_ram,0
galvorn_haudh_celeb,0
galvorn_iaun_saew,0
galvorn_lebdas_callon,0
galvorn_maecheneb_bass,0
galvorn_min_fern,0
galvorn_nath_agor,0
galvorn_nimbrethil_eirien,0
galvorn_pess_rhun,0
galvorn_pod_saew,0
galvorn_rochben_fervain,1
galvorn_saig_parf,0
galvorn_sammar_nana,0
galvorn_thor_badhor,1
gas_Eru_gwaun,0
gas_Gonhir_law,0
gas_acharn_Ennor,0
gas_adar_cirdan,0
gas_ang_espalass,0
gas_calad_amdir,0
gas_cuil_ulug,0
gas_dol_sammar,0
gas_draug_daen,0
gas_eirien_gwaun,0
gas_galas_mithren,0
gas_glamor_gwael,0
gas_gond_daen,0
gas_hadhod_magol,0
gas_inias_aranarth,0
gas_mil_hend,0
gas_mir_cabor,0
gas_muil_perian,0
gas_rochben_haradrim,0
gas_rudh_hu,0
gas_tachol_lass,0
gath_adab_loss,0
gath_adar_ank,0
gath_andrann_ulug,0
gath_bronwe_hadhod,1
gath_caras_pennas,0
gath_galas_duin,0
gath_gond_glaur,0
gath_iaun_galas,0
gath_ira_thul,0
gath_lacha_noroth,0
gath_laer_heleg,0
gath_lalaith_celair,0
gath_lasguil_raug,0
gath_loss_magor,0
gath_nimp_law,0
gath_randir_gondrath,0
gath_sogannen_celeb,0
gath_toll_hand,0
gath_uir_ang,0
gath_ylf_cenedril,0
gaur_achas_lass,0
gaur_annon_glaur,0
gaur_cirion_iphant,0
gaur_lend_gli,0
gaur_maethor_alae,0
gaur_magol_mithren,0
gaur_morn_espalass,0
gaur_nagol_aras,0
gaur_pendrath_iar,0
gaur_pess_aran,0
gaur_saer_dunadan,0
gaur_salab_fast,1
gaur_salab_graw,0
gaurwaith_achas_mirdan,0
gaurwaith_adar_aderthad,0
gaurwaith_aith_ingem,0
gaurwaith_ang_minas,0
gaurwaith_braig_guldur,0
gaurwaith_cenedril_rovalug,0
gaurwaith_drafn_panas,0
gaurwaith_dunedhel_galas,0
gaurwaith_forodrim_dam,1
gaurwaith_forodrim_nimbrethil,1
gaurwaith_gli_certh,1
gaurwaith_haradrim_uir,0
gaurwaith_ithildin_mindon,0
gaurwaith_ithron_imrath,0
gaurwaith_lass_mund,1
gaurwaith_lavan_gwael,0
gaurwaith_maen_gwanur,0
gaurwaith_narthan_nothrim,0
gaurwaith_neledh_tamin,0
gaurwaith_nimbrethil_dam,0
gaurwaith_pilin_certh,0
gaurwaith_rochir_ylf,0
gaurwaith_tobas_cugu,0
gaurwaith_ungol_gwanur,0
gaw_aegas_perian,0
gaw_luithien_laug,1
gaw_midh_narthan,0
gaw_nana_drego,0
gaw_parf_certh,0
gaw_peredhel_lossen,0
gaw_raegdan_merilin,0
gaw_ram_nidh,0
gaw_saelor_bragol,0
gaw_saelor_lagor,0
gaw_saig_hador,0
gellui_Dornhoth_glass,0
gellui_Mithrim_emel,0
gellui_Mithrim_pent,1
gellui_ank_lass,0
gellui_cabor_harad,0
gellui_cuil_mil,0
gellui_emel_laug,0
gellui_ennorath_aderthad,0
gellui_eryn_gwanur,0
gellui_firion_iphant,0
gellui_firion_tachol,0
gellui_gwaloth_bain,0
gellui_gwaun_ah,0
gellui_gwaun_rach,0
gellui_hul_hast,0
gellui_maethor_Gwathuirim,0
gellui_mindon_luin,0
gellui_mithren_lacha,0
gellui_morn_fast,0
gellui_myril_lebed,0
gellui_neledh_corch,0
gellui_panas_annon,0
gellui_pod_elvellon,0
gellui_rochir_cabor,0
gellui_rodwen_rom,0
gellui_sador_Druadan,0
gellui_yll_gwend,0
gil_Eluwaith_morn,0
gil_Gwathuirim_andrann,0
gil_aeglir_haust,0
gil_aerlinn_callon,0
gil_aglareb_cae,0
gil_aith_adab,0
gil_alae_haust,0
gil_eredh_alae,1
gil_firion_iaun,0
gil_hadhod_peredhel,0
gil_haudh_maen,0
gil_hu_iar,0
gil_hul_balrog,0
gil_hwiniol_nadhras,0
gil_muil_nim,0
gil_nadhras_pennas,0
gil_panas_dirnaith,0
gilgalad_achad_rodwen,0
gilgalad_achas_nagol,0
gilgalad_amath_law,0
gilgalad_ang_alph,0
gilgalad_ank_peredhel,0
gilgalad_bass_achas,0
gilgalad_calad_gwanur,0
gilgalad_certh_nost,0
gilgalad_corf_pendrath,0
gilgalad_dunadan_minai,0
gilgalad_elu_ryn,0
gilgalad_fuin_midh,0
gilgalad_galadh_lalaith,0
gilgalad_gli_calad,0
gilgalad_hervenn_pendrath,1
gilgalad_laes_nothrim,0
gilgalad_lavan_lathron,0
gilgalad_minai_glamog,0
gilgalad_naer_tachol,0
gilgalad_ninglor_soga,0
gilgalad_panas_nestad,0
gilgalad_pess_anwar,0
gilgalad_rist_aear,1
gilgalad_thamas_hub,0
gilgalad_tirith_nothrim,0
glae_erchion_dirnaith,0
glae_firion_hud,0
glae_fuin_glamor,0
glae_gwael_uanui,0
glae_lain_gul,0
glae_luith_nim,0
glae_minuial_echad,0
glae_mir_rudh,0
glae_tann_pethron,0
glamog_aerlinn_echad,1
glamog_ang_rhosc,0
glamog_angos_badhor,0
glamog_bragol_muil,0
glamog_cabor_ennorath,0
glamog_draug_lalaith,0
glamog_faen_tang,0
glamog_faun_lalaith,0
glamog_galadh_naer,0
glamog_galenas_in,0
glamog_gli_cyron,1
glamog_haradrim_rist,0
glamog_haradrim_tirith,0
glamog_hwiniol_lathron,0
glamog_lachenn_cuil,0
glamog_lebed_pod,0
glamog_nana_perian,0
glamog_pilin_saelor,0
glamog_rhun_lass,0
glamog_tang_bregedur,0
glamog_tirith_rist,0
glamog_yll_amarth,0
glamor_Druadan_amloth,0
glamor_aduial_Gonhir,0
glamor_aes_balrog,0
glamor_aes_eirien,0
glamor_bass_lhug,0
glamor_certh_sogannen,0
glamor_glaur_nothrim,0
glamor_hu_heleg,0
glamor_lebdas_sammar,0
glamor_mir_mithren,0
glamor_narthan_romru,0
glamor_rhun_cuin,0
glamor_sirion_lunt,0
glamor_uanui_gorn,0
glamor_vin_inias,0
glandagol_aerlinn_nath,0
glandagol_amloth_min,0
glandagol_angos_lathron,0
glandagol_bellas_idhren,0
glandagol_cund_tavor,0
glandagol_eilian_nestad,0
glandagol_gaw_fervain,0
glandagol_gwathui_neledh,0
glandagol_hast_eirien,0
glandagol_honeg_bronwe,0
glandagol_limlug_haradrim,0
glandagol_melethron_lacha,0
glandagol_mil_Eru,0
glandagol_navaer_lobor,0
glandagol_rhach_rhosc,0
glandagol_ryn_parf,0
glandagol_saer_uir,0
glandagol_soga_lasguil,0
glandagol_sogannen_Dornhoth,0
glass_Eluwaith_nath,0
glass_aduial_rochben,0
glass_agarwaen_aglareb,0
glass_alph_morn,0
glass_archam_Mirion,0
glass_bragol_nagol,0
glass_calad_muinthel,0
glass_mindon_minas,0
glass_rist_gwilwileth,0
glass_rodwen_ang,0
glass_thurin_inias,0
glaur_Rochirrim_menel,0
glaur_achas_neledh,0
glaur_balrog_celon,0
glaur_cund_aglareb,0
glaur_curunir_randir,1
glaur_dol_lass,0
glaur_draug_dol,1
glaur_duin_minas,0
glaur_dunadan_bass,0
glaur_ennorath_ninglor,0
glaur_eredh_malad,0
glaur_glandagol_uir,0
glaur_grond_alagos,0
glaur_hadhod_gaw,0
glaur_haradrim_Rochirrim,0
glaur_haudh_mereth,1
glaur_iaun_agar,0
glaur_iaun_cuin,0
glaur_ira_lavan,0
glaur_lorn_pod,0
glaur_nadhras_neledh,0
glaur_nana_honeg,0
glaur_nim_maethor,0
glaur_nimbrethil_tann,0
glaur_pess_aphadrim,0
glaur_ris_lossen,0
gli_ablad_riel,0
gli_amloth_thul,0
gli_bass_heleg,1
gli_cabed_gwador,0
gli_caras_baneth,1
gli_cuin_alag,0
gli_dunedhel_pennas,1
gli_laug_ingem,0
gli_mil_glandagol,0
gli_mithren_alag,0
gli_ninglor_gaw,0
gli_rudh_eredh,0
gli_salph_galadhrim,0
gli_thamas_lacha,0
gli_thamas_menel,0
gli_ulug_acharn,0
gobennas_aderthad_maethor,0
gobennas_dirnaith_Eluwaith,0
gobennas_drafn_lachenn,0
gobennas_gwathui_laes,0
gobennas_heledh_nidh,0
gobennas_in_glaur,0
gobennas_mund_thul,0
gobennas_ogol_ira,0
gobennas_rochir_glass,0
gobennas_thurin_onodrim,0
gobennas_uan_maecheneb,0
gond_acharn_Tawarwaith,0
gond_acharn_aranarth,0
gond_adar_Ennor,0
gond_amdir_thamas,1
gond_certh_thavron,0
gond_cund_uruk,0
gond_dunadan_paich,0
gond_faradrim_galvorn,0
gond_fast_ulug,0
gond_firion_hand,0
gond_galad_lembas,0
gond_gwanur_dunadan,0
gond_gwathui_mir,0
gond_hwiniol_nim,0
gond_lain_uan,0
gond_lebed_fast,1
gond_lembas_thul,0
gond_limlug_tachol,1
gond_mir_idhren,0
gond_nimbrethil_fae,0
gond_tavor_alag,0
gondrath_Druadan_Ennor,1
gondrath_Ithil_draug,0
gondrath_agor_tinuviel,0
gondrath_dol_drego,0
gondrath_dunedhel_lasguil,0
gondrath_edlothiad_saig,0
gondrath_edlothiad_tathar,0
gondrath_ennorath_dunedhel,0
gondrath_fuin_in,0
gondrath_heron_hadhod,1
gondrath_hub_drego,0
gondrath_hun_pod,0
gondrath_in_galenas,0
gondrath_lembas_hu,0
gondrath_maecheneb_aiglos,0
gondrath_neledh_tamin,0
gondrath_nell_fern,0
gondrath_raegdan_curunir,0
gondrath_sammar_cabed,0
gondrath_sogannen_cyron,1
gondrath_sogannen_galad,0
gorn_achad_honeg,1
gorn_aear_amloth,0
gorn_cirion_lebed,0
gorn_glandagol_hend,1
gorn_hador_uruk,0
gorn_haust_cuin,0
gorn_inias_neledh,0
gorn_ira_adar,0
gorn_lalaith_parf,0
gorn_lavan_nothrim,0
gorn_tobas_pent,0
gorn_uir_nothrim,0
graw_Druadan_adar,0
graw_aderthad_pess,0
graw_aegas_cenedril,0
graw_amloth_nidh,1
graw_baug_sador,0
graw_ennorath_galvorn,0
graw_fae_lasguil,0
graw_fae_thor,0
graw_gwador_nost,0
graw_haust_agarwaen,0
graw_ingem_hadhod,1
graw_luith_baneth,0
graw_luithien_bregedur,0
graw_magol_gador,0
graw_menel_suil,0
graw_minuial_archam,0
graw_myril_hervenn,0
graw_nell_drego,0
graw_raegdan_muil,1
graw_rodwen_Tawarwaith,0
graw_tinuviel_lembas,0
graw_tirith_eglan,0
grond_aes_adel,0
grond_alae_cyron,0
grond_corf_cugu,0
grond_eilian_hervenn,0
grond_forodrim_nimbrethil,0
grond_gwanur_gwarth,0
grond_hadhod_nimbrethil,0
grond_heleg_aphadrim,0
grond_lam_aiglos,1
grond_laug_salph,0
grond_lebdas_rom,0
grond_magol_tavor,0
grond_menel_galadh,0
grond_muil_uir,0
grond_muinthel_harad,0
grond_mund_cugu,0
grond_mund_dol,0
grond_nagol_Mirion,0
grond_navaer_raegdan,0
grond_perian_ulug,0
grond_riel_rusc,1
grond_tavor_callon,0
grond_ungol_gil,0
grond_ylf_dol,0
gul_Elrim_aegas,0
gul_aear_faradrim,0
gul_aeglir_baug,0
gul_amlug_nell,0
gul_angos_gond,0
gul_araf_iaun,0
gul_curunir_ylf,0
gul_eilian_idhren,0
gul_gaw_bregedur,0
gul_gellui_hu,0
gul_graw_ist,0
gul_idhren_rist,0
gul_melethril_barad,0
gul_minuial_saig,0
gul_pendrath_hwiniol,0
gul_pennas_glass,0
guldur_achad_raug,0
guldur_achas_fuin,0
guldur_alag_gaur,0
guldur_amdir_gas,1
guldur_cyron_ithildin,0
guldur_gath_gaur,0
guldur_lathron_rochir,0
guldur_limlug_Ennor,0
guldur_navaer_fae,0
guldur_nidh_imloth,0
guldur_rhach_hub,0
guldur_ryn_bregedur,0
gwachaedir_Sindarin_rusc,0
gwachaedir_adar_thul,0
gwachaedir_amarth_honeg,0
gwachaedir_ang_aiglos,0
gwachaedir_aphadrim_ruith,0
gwachaedir_bass_heledh,0
gwachaedir_cirdan_hwiniol,0
gwachaedir_curunir_duin,0
gwachaedir_dirnaith_cae,0
gwachaedir_faradrim_aeglir,0
gwachaedir_forodrim_dagnir,0
gwachaedir_harad_lacha,0
gwachaedir_heron_cugu,0
gwachaedir_lin_haust,0
gwachaedir_lost_melethril,0
gwachaedir_menel_aderthad,0
gwachaedir_rhun_achas,0
gwachaedir_ris_ninglor,0
gwachaedir_ruith_pilin,0
gwachaedir_ylf_iphant,1
gwachaedir_yll_ingem,0
gwador_Ithil_fervain,0
gwador_aear_aras,1
gwador_aegas_glaur,1
gwador_agor_daen,0
gwador_baug_glass,0
gwador_ennorath_baneth,0
gwador_eredh_luith,0
gwador_gaur_roch,0
gwador_glandagol_myril,0
gwador_ist_baug,0
gwador_perian_sammar,1
gwador_rudh_Ennor,0
gwador_rudh_aes,0
gwador_saelor_gondrath,0
gwador_suil_merilin,0
gwael_Eluwaith_eirien,1
gwael_ablad_helegnen,0
gwael_agar_lembas,0
gwael_andrann_rovalug,0
gwael_braig_thavron,0
gwael_caras_rodwen,0
gwael_certh_achad,0
gwael_cugu_maen,0
gwael_cuil_caras,0
gwael_dol_haeron,0
gwael_fang_lobor,1
gwael_gaurwaith_achad,0
gwael_glamor_minuial,0
gwael_gondrath_cair,0
gwael_hador_lasguil,0
gwael_idhren_heleg,0
gwael_laer_nimbrethil,0
gwael_lebdas_raegdan,0
gwael_lost_gaurwaith,0
gwael_pendrath_rochben,0
gwael_rach_cuin,1
gwael_raegdan_corch,0
gwael_saew_haudh,0
gwaloth_adan_luin,0
gwaloth_agarwaen_ennorath,0
gwaloth_amath_haradrim,0
gwaloth_eryn_agarwaen,0
gwaloth_faun_glamog,0
gwaloth_gondrath_raug,0
gwaloth_lagor_pilin,0
gwaloth_lasguil_Tawarwaith,0
gwaloth_mithril_dannas,1
gwaloth_nadhras_faen,1
gwaloth_tathar_limlug,0
gwaloth_tavor_melethril,0
gwaloth_toll_firen,0
gwaloth_vin_Rochirrim,1
gwanur_Druadan_imrath,0
gwanur_aeruil_lebdas,0
gwanur_aith_galvorn,0
gwanur_aranarth_ogol,0
gwanur_calad_gondrath,0
gwanur_callon_glass,0
gwanur_corf_gwend,0
gwanur_cuin_lunt,0
gwanur_gaw_inias,0
gwanur_haust_melethron,0
gwanur_hub_aerlinn,0
gwanur_imrath_magol,0
gwanur_mund_lagor,0
gwanur_narthan_rochir,0
gwanur_pod_gas,0
gwanur_ryn_adab,0
gwanur_saew_aegas,0
gwanur_suil_gilgalad,0
gwanur_tinnu_firiel,1
gwarth_Elrim_rovalug,0
gwarth_Gonhir_forodrim,0
gwarth_acharn_thangail,0
gwarth_aeglir_peredhel,0
gwarth_aglareb_mereth,0
gwarth_cair_aran,0
gwarth_fuin_ist,0
gwarth_galadh_cyron,0
gwarth_hal_alph,0
gwarth_haradrim_cirion,0
gwarth_honeg_cuin,0
gwarth_laes_idhren,0
gwarth_lass_per,1
gwarth_lembas_mil,0
gwarth_lorn_alae,0
gwarth_ninglor_firiel,0
gwarth_perian_hal,0
gwarth_rhach_rhun,0
gwarth_riel_Sindarin,0
gwarth_ris_hend,0
gwarth_rovalug_lebdas,0
gwarth_tathar_luith,0
gwathui_acharn_adar,0
gwathui_aiglos_imlad,1
gwathui_baneth_elu,0
gwathui_bronwe_Eluwaith,0
gwathui_elu_adab,0
gwathui_gaw_galenas,1
gwathui_ira_rhun,0
gwathui_malad_eirien,0
gwathui_pendrath_saig,0
gwathui_pod_mereth,1
gwathui_saig_amon,0
gwathui_saig_hu,0
gwathui_suil_mirdan,0
gwathui_tegilbor_Tawarwaith,0
gwaun_cirion_agar,0
gwaun_dam_saer,0
gwaun_dunadan_fae,0
gwaun_elu_celeb,0
gwaun_ennorath_imrath,0
gwaun_eryn_aran,1
gwaun_fast_hend,0
gwaun_fern_aeruil,0
gwaun_gath_cyron,1
gwaun_hadhod_lain,1
gwaun_hador_bragol,0
gwaun_haust_raug,0
gwaun_heledh_lam,0
gwaun_ingem_lost,0
gwaun_lasguil_mil,0
gwaun_magol_myril,0
gwaun_nana_drafn,0
gwaun_navaer_ithildin,0
gwaun_riel_pilin,0
gwaun_sador_lachenn,0
gwaun_tachol_cair,0
gwaun_tamin_alph,1
gwend_agar_ira,0
gwend_ah_ris,0
gwend_aith_fervain,0
gwend_cirion_fae,0
gwend_eilian_harad,0
gwend_fae_tegilbor,0
gwend_gellui_saelor,0
gwend_glass_nadhras,0
gwend_gobennas_ingem,0
gwend_gwachaedir_agar,0
gwend_gwachaedir_echad,0
gwend_gwanur_angos,0
gwend_hun_sogannen,0
gwend_lend_amath,0
gwend_luith_hu,0
gwend_mil_talraph,0
gwend_naer_lorn,0
gwend_perian_gwilwileth,0
gwend_pess_lin,0
gwend_soga_uanui,0
gwilwileth_adan_galadhrim,0
gwilwileth_ah_forodrim,0
gwilwileth_aiglos_parf,0
gwilwileth_alph_rist,0
gwilwileth_aphadrim_nadhras,0
gwilwileth_bain_roch,0
gwilwileth_certh_aith,0
gwilwileth_cirdan_lang,0
gwilwileth_corf_paich,1
gwilwileth_hend_rodwen,0
gwilwileth_hu_gwend,0
gwilwileth_hu_hub,0
gwilwileth_hwiniol_bregedur,0
gwilwileth_ithildin_lembas,0
gwilwileth_magor_per,0
gwilwileth_muil_rochir,0
gwilwileth_mund_amarth,1
gwilwileth_pennas_parf,0
gwilwileth_pethron_tirith,0
gwilwileth_thangail_eirien,0
hadhod_Gonhir_hast,1
hadhod_adab_raug,0
hadhod_balrog_gaurwaith,0
hadhod_cair_meril,0
hadhod_cenedril_graw,1
hadhod_cugu_aderthad,1
hadhod_cuin_aeruil,0
hadhod_drafn_morgul,0
hadhod_glamog_gaw,0
hadhod_glamog_lhug,0
hadhod_gond_drafn,0
hadhod_guldur_navaer,0
hadhod_hador_mirdan,0
hadhod_hu_mithren,0
hadhod_hub_mithren,0
hadhod_mereth_tathar,0
hadhod_midh_achas,0
hadhod_minas_faradrim,1
hadhod_per_espalass,0
hadhod_pilin_muinthel,0
hadhod_raegdan_nothrim,0
hador_aegas_nimbrethil,0
hador_alae_gondrath,0
hador_amlug_celeb,0
hador_aranarth_magol,0
hador_cuin_sammar,1
hador_hend_drego,0
hador_honeg_Druadan,0
hador_lebenedh_graw,0
hador_lend_annon,0
hador_maen_pent,0
hador_magol_pendrath,0
hador_malad_heledir,0
hador_manadh_drafn,0
hador_mil_amdir,1
hador_mil_drego,0
hador_nimp_hud,0
hador_pendrath_uan,0
hador_rodwen_melethron,0
hador_ruith_thangail,0
hador_saig_drafn,1
hador_sammar_echad,1
hador_toll_heleg,0
hador_ulug_angos,0
hador_ungol_rust,0
haeron_adar_ithron,0
haeron_aeruil_tegilbor,0
haeron_araf_cuin,0
haeron_bain_anwar,0
haeron_cirdan_cuin,0
haeron_ennorath_ninglor,0
haeron_ennorath_ris,0
haeron_fang_muinthel,0
haeron_galenas_ithron,1
haeron_gas_ulug,1
haeron_glass_hadhod,1
haeron_gul_thurin,0
haeron_gwael_cenedril,0
haeron_gwend_galadh,1
haeron_lang_ithron,0
haeron_lass_Mirion,0
haeron_lathron_mereth,0
haeron_muinthel_hal,0
haeron_navaer_aerlinn,0
haeron_rhun_anwar,0
haeron_roch_aear,0
haeron_rochben_bass,0
haeron_suil_Ennor,0
hal_angos_luin,0
hal_baneth_aderthad,0
hal_baug_gobennas,0
hal_corch_gwachaedir,0
hal_elvellon_lend,0
hal_fuin_uan,0
hal_gorn_glamor,1
hal_gwend_gath,0
hal_lass_balrog,0
hal_navaer_mithren,0
hal_rodwen_anwar,0
hal_tann_Druadan,0
hal_thul_Ithil,0
hal_yll_Ennor,1
hand_ai_glamog,0
hand_amdir_ithildin,0
hand_amlug_tirith,0
hand_annon_meril,0
hand_dirnaith_ablad,0
hand_dunedhel_honeg,1
hand_ennorath_amloth,0
hand_erchion_fae,0
hand_fuin_meril,0
hand_gas_laug,0
hand_gond_callon,0
hand_gul_nost,0
hand_gwend_harad,0
hand_laes_mindon,0
hand_lagor_gorn,0
hand_lass_celair,0
hand_lhug_minas,1
hand_lorn_ai,0
hand_maen_hun,0
hand_maethor_alae,0
hand_narthan_melethron,0
hand_ninglor_lobor,0
hand_nost_salab,0
hand_onodrim_rodwen,1
hand_pess_nost,0
hand_romru_lang,0
hand_ryn_galad,0
hand_salph_raegdan,0
harad_Dornhoth_heleg,0
harad_Rochirrim_ah,0
harad_aduial_hend,1
harad_balrog_toll,0
harad_bragol_ablad,0
harad_bragol_gul,1
harad_erchion_eglan,0
harad_fuin_peredhel,0
harad_gador_roch,0
harad_galas_Ennor,0
harad_galenas_hub,0
harad_gas_Sindarin,0
harad_haeron_lobor,0
harad_haradrim_firion,0
harad_hwiniol_helegnen,0
harad_laes_hu,0
harad_melethril_eilian,0
harad_nagol_cund,0
harad_nimbrethil_aear,0
harad_pess_morgul,0
harad_roch_tathar,0
harad_sogannen_fuin,0
harad_ungol_rhosc,0
haradrim_aras_minuial,0
haradrim_drafn_gobennas,0
haradrim_eirien_amdir,0
haradrim_gas_tirith,0
haradrim_gaw_manadh,0
haradrim_glandagol_harad,0
haradrim_guldur_hervess,0
haradrim_hend_dagnir,0
haradrim_lavan_naer,0
haradrim_meldir_edlothiad,1
haradrim_meril_haeron,0
haradrim_min_ang,0
haradrim_mund_puig,0
haradrim_narthan_gwachaedir,0
haradrim_pendrath_sogannen,0
haradrim_rhun_tirith,1
haradrim_saer_ithron,0
haradrim_vin_nimp,0
hast_andrann_Rochirrim,0
hast_badhor_hu,0
hast_dam_espalass,1
hast_dunadan_mindon,1
hast_fang_corf,1
hast_galvorn_celeb,1
hast_gas_cair,0
hast_gondrath_lhug,0
hast_gwarth_amdir,1
hast_hadhod_aear,0
hast_heleg_hud,0
hast_hend_myril,0
hast_lavan_eirien,0
hast_nimbrethil_tann,0
hast_thangail_balrog,0
haudh_ablad_aphadrim,0
haudh_alag_cuil,0
haudh_aphadrim_gador,0
haudh_aranarth_harad,0
haudh_draug_peredhel,0
haudh_faradrim_lhug,0
haudh_fern_dannas,0
haudh_gilgalad_ninglor,0
haudh_glamog_ram,0
haudh_hud_edlothiad,0
haudh_hwiniol_saelor,0
haudh_ist_grond,1
haudh_lam_rodwen,0
haudh_melethril_midh,0
haudh_morn_cuil,1
haudh_ungol_minuial,0
haudh_vin_helegnen,1
haust_Eluwaith_haradrim,0
haust_amlug_Elrim,0
haust_amlug_erchion,0
haust_anwar_gorn,0
haust_anwar_nestad,0
haust_baneth_soga,0
haust_celeb_hand,0
haust_corf_maen,0
haust_cugu_ogol,0
haust_eglan_hervess,0
haust_fae_noroth,0
haust_forodrim_lagor,0
haust_galad_nell,0
haust_guldur_vin,0
haust_hal_ram,0
haust_imrath_gwachaedir,0
haust_limlug_gwathui,0
haust_magor_guldur,0
haust_nath_cyron,1
haust_ninglor_onodrim,1
haust_rusc_hador,1
haust_rust_lin,0
haust_sogannen_lain,0
haust_thangail_cirdan,0
haust_ungol_faun,0
haust_yll_lunt,0
heledh_ai_baug,0
heledh_amarth_honeg,0
heledh_amdir_hwiniol,0
heledh_aras_dannas,0
heledh_bronwe_ogol,0
heledh_cabed_ruith,0
heledh_eilian_cuil,0
heledh_eredh_gwaun,0
heledh_gador_amloth,1
heledh_haeron_nana,0
heledh_lossen_ulug,0
heledh_muinthel_lain,0
heledh_raef_ruith,0
heledh_soga_minas,0
heledir_Tawarwaith_hast,1
heledir_aiglos_curunir,0
heledir_cair_pod,0
heledir_cyron_tinuviel,0
heledir_imloth_Elrim,1
heledir_lacha_maecheneb,0
heledir_nost_glaur,0
heledir_rach_bain,0
heledir_raug_lost,0
heledir_tegilbor_amdir,0
heledir_thangail_nadhras,1
heledir_ungol_baug,0
heleg_amath_lathron,0
heleg_araf_pilin,0
heleg_bain_rhosc,0
heleg_corf_achas,0
heleg_erchion_pod,0
heleg_gas_magol,0
heleg_hend_uan,1
heleg_laes_hub,1
heleg_maen_amarth,0
heleg_malad_rudh,0
heleg_morgul_raegdan,0
heleg_naer_lorn,1
heleg_nost_Mithrim,0
heleg_roch_nana,0
heleg_tegilbor_glaur,0
heleg_uruk_ah,0
helegnen_aegas_imrath,0
helegnen_amarth_fang,0
helegnen_anann_eglan,0
helegnen_cabed_adel,0
helegnen_certh_raef,0
helegnen_dannas_ithron,0
helegnen_dannas_puig,0
helegnen_emel_araf,0
helegnen_erchion_salab,0
helegnen_espalass_gaur,0
helegnen_heleg_nost,0
helegnen_luin_rhach,0
helegnen_lunt_nadhras,0
helegnen_melethril_celair,0
helegnen_minas_lorn,0
helegnen_nadhras_aegas,0
helegnen_nimp_forodrim,0
helegnen_nost_rusc,0
helegnen_pess_bass,0
helegnen_rhovan_pennas,0
helegnen_rochir_salph,0
helegnen_tachol_maethor,0
hend_amlug_nur,0
hend_amon_celeb,0
hend_anwar_tann,1
hend_duin_gul,1
hend_edlothiad_thul,1
hend_emel_nimp,0
hend_galadh_cyron,0
hend_gwaun_acharn,0
hend_hand_fervain,0
hend_hu_haust,0
hend_hul_nana,0
hend_inias_vin,0
hend_ithron_andrann,0
hend_lathron_nana,0
hend_lobor_naer,0
hend_mund_lang,1
hend_nath_yll,1
hend_nidh_duin,0
hend_rach_firiel,1
hend_tinuviel_ablad,0
heron_agar_gwaloth,0
heron_aphadrim_ogol,0
heron_cugu_nimp,0
heron_ennorath_heledh,1
heron_gador_Dornhoth,0
heron_galadh_Ennor,0
heron_gwarth_min,0
heron_helegnen_calad,0
heron_ira_minai,1
heron_lachenn_aear,0
heron_lobor_nell,0
heron_lost_limlug,0
heron_maecheneb_nost,0
heron_nana_mithril,1
heron_pess_lathron,0
heron_rhosc_nur,0
heron_soga_alph,1
heron_tang_galas,0
hervenn_achas_Tawarwaith,0
hervenn_adab_ram,0
hervenn_aduial_lhug,0
hervenn_ah_nothrim,0
hervenn_alph_pendrath,0
hervenn_ang_gilgalad,0
hervenn_aranarth_hub,0
hervenn_eredh_baug,0
hervenn_espalass_thangail,0
hervenn_faradrim_lebed,0
hervenn_faradrim_merilin,0
hervenn_galad_eryn,0
hervenn_gaw_hun,0
hervenn_glass_gondrath,0
hervenn_hal_alae,0
hervenn_lhug_ai,0
hervenn_mithril_neledh,0
hervenn_nur_salab,0
hervenn_ogol_gwachaedir,0
hervenn_pennas_agor,1
hervenn_rusc_graw,0
hervenn_saelor_noroth,0
hervenn_soga_pilin,1
hervess_Druadan_rach,0
hervess_aear_uanui,0
hervess_angos_lass,0
hervess_annon_limlug,0
hervess_cabed_tathar,0
hervess_corf_tavor,0
hervess_cuin_ang,0
hervess_fervain_rovalug,0
hervess_galadhrim_nidh,0
hervess_hand_raug,0
hervess_helegnen_nimp,0
hervess_iphant_badhor,0
hervess_lam_heleg,0
hervess_lavan_lathron,0
hervess_lebdas_rust,0
hervess_lend_pess,0
hervess_lhug_iphant,0
hervess_lhug_limlug,1
hervess_lin_onodrim,0
hervess_nestad_hervenn,0
hervess_pendrath_galadhrim,0
hervess_tamin_imrath,0
hervess_uan_nana,0
honeg_Ennor_melethril,0
honeg_Ithil_erchion,0
honeg_ablad_harad,0
honeg_anann_aeglir,0
honeg_badhor_agarwaen,0
honeg_cirdan_lobor,0
honeg_forodrim_idhren,1
honeg_galvorn_midh,0
honeg_gwael_gwador,0
honeg_gwend_daen,0
honeg_harad_firion,0
honeg_hervess_aith,0
honeg_lorn_fuin,1
honeg_manadh_faun,0
honeg_minas_ryn,0
honeg_mirdan_ah,0
honeg_muil_aear,0
honeg_narthan_gond,1
hu_aeglir_adab,0
hu_anann_maecheneb,0
hu_cae_pethron,0
hu_dagnir_honeg,0
hu_dam_alae,0
hu_duin_sammar,0
hu_faradrim_laug,0
hu_gil_noroth,0
hu_glass_Mirion,0
hu_guldur_lagor,0
hu_lembas_celeb,0
hu_midh_firion,0
hu_nothrim_suil,0
hu_roch_melethril,1
hu_rovalug_rust,0
hu_saer_calad,0
hu_thavron_nath,0
hub_adan_pethron,0
hub_adar_fuin,1
hub_alagos_rodwen,0
hub_amdir_magor,0
hub_anann_Rochirrim,0
hub_angos_erchion,1
hub_cair_imloth,0
hub_celeb_forodrim,0
hub_cuin_aderthad,0
hub_firiel_Eluwaith,0
hub_gellui_hul,0
hub_grond_archam,1
hub_gwaloth_gellui,0
hub_iaun_gul,0
hub_lembas_idhren,0
hub_lost_imrath,0
hub_mereth_uruk,0
hub_mirdan_cair,0
hub_mirdan_nell,0
hub_ungol_honeg,0
hud_Gonhir_aerlinn,0
hud_Tawarwaith_edlothiad,0
hud_aeglir_noroth,0
hud_baneth_nell,0
hud_celair_gorn,0
hud_faen_nell,0
hud_firen_rhach,0
hud_forodrim_tang,0
hud_gul_gwael,0
hud_gwend_bass,0
hud_iphant_rhach,0
hud_ithildin_haeron,1
hud_lebed_adan,0
hud_lost_uanui,0
hud_ogol_maen,0
hud_panas_thavron,0
hul_Sindarin_bass,1
hul_ablad_imlad,0
hul_aderthad_haradrim,0
hul_aduial_lin,0
hul_aeruil_tavor,0
hul_aes_mithren,0
hul_agor_puig,0
hul_aranarth_dagnir,0
hul_cabor_minas,0
hul_cuin_adel,1
hul_elvellon_aith,0
hul_firen_braig,0
hul_gwador_heron,0
hul_haust_aegas,0
hul_hend_sogannen,0
hul_hervenn_cirdan,0
hul_hu_lorn,1
hul_iar_fuin,0
hul_iphant_eredh,0
hul_melethron_gil,0
hul_tann_Sindarin,0
hul_toll_lebed,0
hul_uan_hador,0
hun_Druadan_tegilbor,0
hun_Eru_achad,0
hun_Ithil_forodrim,0
hun_Mithrim_pent,0
hun_alph_agar,1
hun_amath_graw,0
hun_anwar_paich,0
hun_cirion_ram,0
hun_erchion_nadhras,0
hun_fast_lin,0
hun_galadhrim_lorn,0
hun_glamor_dagnir,0
hun_glaur_nost,1
hun_guldur_Gonhir,0
hun_gwanur_idhren,0
hun_helegnen_gwachaedir,0
hun_lorn_ogol,0
hun_naer_fervain,0
hun_nimp_aderthad,0
hun_parf_perian,0
hun_rach_amarth,0
hun_rodwen_dol,0
hun_rudh_lin,0
hun_saelor_Eru,0
hwiniol_Eru_noroth,0
hwiniol_Gonhir_noroth,0
hwiniol_ai_mindon,0
hwiniol_bronwe_certh,0
hwiniol_celair_elvellon,0
hwiniol_celair_nagol,0
hwiniol_cirion_calad,0
hwiniol_dirnaith_curunir,0
hwiniol_faen_lebed,0
hwiniol_fang_Dornhoth,0
hwiniol_galenas_lang,0
hwiniol_helegnen_gwaun,0
hwiniol_lembas_aerlinn,0
hwiniol_limlug_lebenedh,0
hwiniol_minas_meril,1
hwiniol_nagol_aeglir,0
hwiniol_nell_in,1
hwiniol_nothrim_ulug,0
hwiniol_pent_dunedhel,0
hwiniol_riel_eilian,0
hwiniol_salab_alagos,0
iar_alagos_lin,0
iar_amarth_ira,0
iar_angos_morgul,1
iar_balrog_mund,0
iar_cirdan_aear,0
iar_cugu_ist,0
iar_dannas_barad,1
iar_dirnaith_andrann,0
iar_drafn_achad,0
iar_galas_roch,0
iar_hadhod_midh,0
iar_lobor_iphant,0
iar_myril_cirion,0
iar_pod_lhug,0
iar_tegilbor_myril,0
iar_tinnu_barad,0
iaun_Dornhoth_gellui,0
iaun_cirion_lebenedh,0
iaun_dunedhel_mereth,0
iaun_elu_araf,0
iaun_fae_elu,1
iaun_fang_achas,0
iaun_gil_lembas,0
iaun_haust_gwael,0
iaun_lend_uan,0
iaun_luin_eilian,0
iaun_luithien_lobor,0
iaun_magol_corch,0
iaun_morn_braig,0
iaun_onodrim_guldur,0
iaun_pethron_aras,0
iaun_ryn_glamor,0
iaun_salph_gwarth,1
iaun_tachol_morn,0
iaun_toll_eirien,0
iaun_uan_gath,0
idhren_adab_loss,0
idhren_adar_mithren,0
idhren_ai_thavron,0
idhren_alae_ablad,0
idhren_amlug_luin,0
idhren_archam_suil,0
idhren_badhor_uan,0
idhren_callon_agarwaen,0
idhren_erchion_tobas,0
idhren_gaurwaith_glandagol,0
idhren_hervess_midh,0
idhren_hu_Eru,0
idhren_ithildin_lam,0
idhren_lass_rom,0
idhren_mir_amloth,0
idhren_naer_haeron,0
idhren_nana_hul,0
idhren_pendrath_anann,0
idhren_pess_raug,1
idhren_rhach_gwarth,0
idhren_soga_gil,0
idhren_thavron_hast,0
imlad_amdir_erchion,0
imlad_cabed_glamor,0
imlad_draug_lass,0
imlad_fang_lend,0
imlad_fast_gaur,0
imlad_galadhrim_ithildin,0
imlad_iphant_gwend,0
imlad_lavan_romru,0
imlad_nana_lossen,0
imlad_navaer_ist,0
imlad_nur_meril,0
imlad_rhosc_limlug,0
imlad_ris_lass,0
imlad_sirion_ylf,0
imlad_thamas_tang,0
imlad_toll_tobas,1
imloth_Dornhoth_faun,0
imloth_cair_alagos,0
imloth_celon_pod,0
imloth_gwathui_gath,0
imloth_law_gorn,0
imloth_lin_menel,0
imloth_merilin_mil,0
imloth_morn_saew,0
imloth_noroth_lin,1
imloth_tathar_rovalug,0
imloth_toll_barad,0
imrad_Eluwaith_luith,0
imrad_Eru_toll,0
imrad_Sindarin_heleg,0
imrad_ablad_Mirion,0
imrad_achad_aglareb,0
imrad_andrann_galad,0
imrad_cirion_lebenedh,0
imrad_elu_lass,0
imrad_elu_peredhel,0
imrad_fae_amlug,1
imrad_lang_ablad,1
imrad_lhug_gorn,0
imrath_aeruil_pilin,0
imrath_aranarth_pethron,0
imrath_fang_hador,0
imrath_hwiniol_emel,0
imrath_inias_ryn,0
imrath_laer_Elrim,0
imrath_laug_ithron,0
imrath_riel_araf,1
imrath_toll_cabed,0
imrath_ungol_lain,0
in_alagos_dunedhel,0
in_amarth_luithien,0
in_aras_hub,0
in_dunedhel_aegas,0
in_firen_saer,0
in_galadhrim_salph,0
in_galenas_riel,0
in_lachenn_adel,0
in_magol_badhor,0
in_melethron_cenedril,0
in_nur_cund,0
in_peredhel_adar,0
ingem_Gonhir_limlug,0
ingem_badhor_law,0
ingem_faen_alag,0
ingem_gobennas_gaurwaith,0
ingem_gond_cyron,0
ingem_gwael_rochben,0
ingem_gwathui_aiglos,0
ingem_in_dol,0
ingem_lost_angos,0
ingem_lunt_ram,1
ingem_minas_baneth,1
ingem_morn_hadhod,0
ingem_nagol_lhug,1
ingem_ogol_firiel,1
ingem_pent_honeg,0
ingem_pess_naer,0
ingem_pethron_rovalug,0
ingem_rochben_fast,0
ingem_rovalug_inias,0
ingem_tang_gilgalad,0
inias_alph_aduial,0
inias_araf_iaun,0
inias_bellas_Sindarin,1
inias_gondrath_alag,0
inias_gwachaedir_tachol,0
inias_haust_iar,0
inias_lacha_archam,0
inias_lathron_saer,0
inias_lavan_Eluwaith,0
inias_lebdas_haudh,0
inias_navaer_andrann,0
inias_ulug_toll,1
iphant_Tawarwaith_ulug,0
iphant_amarth_amdir,0
iphant_balrog_gwanur,0
iphant_bragol_tinuviel,0
iphant_cund_baug,0
iphant_drafn_aear,0
iphant_gorn_lathron,0
iphant_gwaloth_daen,0
iphant_gwaun_Gwathuirim,0
iphant_heledh_lam,0
iphant_heron_ank,0
iphant_iar_gul,0
iphant_lend_uruk,0
iphant_malad_gaurwaith,0
iphant_navaer_hervenn,1
iphant_rach_gobennas,0
iphant_rom_dol,0
iphant_thamas_baneth,0
iphant_thavron_daen,1
iphant_uan_eilian,0
iphant_vin_lalaith,0
ira_celon_midh,0
ira_fang_aphadrim,0
ira_hadhod_faradrim,0
ira_hadhod_lasguil,0
ira_ithildin_hub,0
ira_lass_hwiniol,1
ira_midh_sogannen,0
ira_minai_amon,0
ira_mithril_bain,0
ira_nath_gwael,1
ist_adab_imlad,1
ist_aiglos_nim,1
ist_cugu_merilin,0
ist_gwaloth_laug,0
ist_gwathui_cirion,0
ist_hador_imrath,0
ist_hast_cuil,0
ist_haust_achad,0
ist_lacha_uruk,1
ist_lachenn_gondrath,0
ist_lain_minas,0
ist_lebed_hervenn,0
ist_lost_panas,0
ist_magor_hub,0
ist_melethril_gellui,0
ist_nestad_aegas,0
ist_nimp_galenas,1
ist_per_adab,0
ist_rhovan_perian,0
ist_saer_gwael,0
ist_salab_gwachaedir,0
ist_sogannen_morgul,0
ist_tathar_aduial,0
ist_tinnu_dol,0
ithildin_achad_faun,0
ithildin_amlug_Elrim,0
ithildin_anann_pilin,0
ithildin_dunadan_celeb,0
ithildin_faun_aith,0
ithildin_faun_lalaith,0
ithildin_firen_aiglos,0
ithildin_gobennas_eryn,0
ithildin_gwachaedir_galad,0
ithildin_harad_firiel,0
ithildin_hu_tann,1
ithildin_lain_agarwaen,0
ithildin_mil_tang,0
ithildin_panas_inias,0
ithildin_per_mithril,0
ithildin_ruith_malad,0
ithildin_salph_nothrim,0
ithildin_tachol_aerlinn,0
ithildin_thurin_ogol,0
ithron_adel_erchion,0
ithron_aiglos_heron,0
ithron_archam_duin,0
ithron_cund_minas,0
ithron_espalass_lossen,0
ithron_fang_rom,0
ithron_gwarth_alph,0
ithron_in_ungol,0
ithron_lembas_Eluwaith,0
ithron_maecheneb_mil,0
ithron_magol_archam,0
ithron_nost_dol,0
ithron_pennas_cuin,0
ithron_per_firiel,1
ithron_per_min,0
ithron_rhun_gaurwaith,1
ithron_rudh_mirdan,0
lacha_aphadrim_romru,0
lacha_araf_tamin,0
lacha_cabor_espalass,0
lacha_fern_archam,1
lacha_glaur_gwaloth,0
lacha_gwaloth_aglareb,0
lacha_gwarth_hervess,0
lacha_heleg_rist,0
lacha_heron_nagol,0
lacha_iaun_aderthad,1
lacha_luith_mithril,0
lacha_mindon_bain,0
lacha_onodrim_puig,0
lacha_puig_erchion,0
lacha_rom_braig,0
lacha_salab_yll,0
lacha_talraph_rom,0
lacha_tathar_cuin,0
lachenn_ablad_mund,0
lachenn_achas_saig,0
lachenn_agor_galvorn,0
lachenn_anann_randir,0
lachenn_annon_pod,0
lachenn_bass_dol,0
lachenn_cirion_rom,0
lachenn_glae_aegas,0
lachenn_honeg_morn,0
lachenn_iaun_nagol,0
lachenn_lam_parf,0
lachenn_laug_celeb,0
lachenn_luin_paich,0
lachenn_maecheneb_gilgalad,0
lachenn_pess_balrog,0
lachenn_rovalug_imlad,0
lachenn_tirith_thangail,0
lachenn_uir_hun,0
laer_agar_dunedhel,0
laer_bass_echad,1
laer_cyron_corf,0
laer_drego_randir,0
laer_elvellon_gondrath,0
laer_faen_callon,0
laer_galvorn_gador,0
laer_glass_pent,0
laer_hal_elu,1
laer_hun_rovalug,0
laer_ithron_lembas,0
laer_lam_luith,0
laer_lebdas_alph,0
laer_lin_amlug,0
laer_riel_lebenedh,0
laer_sogannen_aeruil,0
laer_tamin_Druadan,0
laer_uruk_soga,0
laes_achad_gador,0
laes_aderthad_rhovan,0
laes_aear_lam,1
laes_agor_saer,0
laes_agor_tinuviel,0
laes_amarth_minai,0
laes_amon_maen,1
laes_baug_roch,1
laes_cund_uanui,0
laes_dunadan_iaun,0
laes_eredh_gond,0
laes_faen_amlug,0
laes_haradrim_adan,0
laes_haradrim_echad,0
laes_imloth_minas,0
laes_nimp_fern,0
laes_per_faun,0
laes_tegilbor_puig,0
laes_ylf_adar,0
lagor_Eluwaith_ogol,0
lagor_Tawarwaith_gilgalad,0
lagor_aeruil_braig,1
lagor_aeruil_gilgalad,1
lagor_ah_ablad,0
lagor_aphadrim_dunedhel,0
lagor_araf_tobas,0
lagor_cabor_agor,0
lagor_cair_rusc,0
lagor_celair_tachol,0
lagor_dam_imlad,0
lagor_dunedhel_rust,0
lagor_hadhod_rom,0
lagor_heledir_celeb,0
lagor_helegnen_randir,0
lagor_ithron_cae,0
lagor_lathron_Mithrim,0
lagor_lost_pennas,0
lagor_luithien_cabed,0
lagor_min_imrad,0
lagor_muinthel_tegilbor,0
lagor_nur_gond,0
lagor_pendrath_hast,1
lagor_peredhel_neledh,0
lagor_sirion_lebdas,0
lagor_tang_rhovan,1
lagor_uruk_lavan,0
lagor_ylf_amarth,1
lain_aderthad_rovalug,0
lain_alph_ank,0
lain_aras_sador,0
lain_certh_ai,0
lain_cuin_gwador,0
lain_eglan_fuin,0
lain_haust_amlug,1
lain_menel_pendrath,1
lain_nimbrethil_perian,0
lain_randir_galvorn,0
lalaith_Eluwaith_faradrim,0
lalaith_aear_melethril,0
lalaith_agarwaen_nimbrethil,1
lalaith_annon_glandagol,0
lalaith_cirdan_haust,0
lalaith_cugu_ruith,1
lalaith_cuin_ram,0
lalaith_faen_hal,0
lalaith_gador_tang,0
lalaith_gondrath_lang,0
lalaith_gwend_adab,0
lalaith_lend_tavor,0
lalaith_merilin_certh,0
lalaith_nana_glae,0
lalaith_panas_drego,0
lalaith_saer_helegnen,0
lalaith_tang_uir,0
lalaith_tobas_randir,0
lam_Mithrim_gath,1
lam_aes_agor,0
lam_aphadrim_ingem,0
lam_aranarth_rochben,0
lam_fern_pess,0
lam_fern_tinuviel,0
lam_galadhrim_rom,0
lam_haeron_neledh,0
lam_lorn_rodwen,0
lam_meldir_galad,0
lam_merilin_randir,0
lam_mithril_duin,0
lam_toll_aegas,0
lang_adab_cenedril,0
lang_aderthad_gwend,1
lang_aiglos_lalaith,0
lang_alag_lebenedh,0
lang_cabor_hadhod,0
lang_caras_hub,1
lang_edlothiad_paich,0
lang_eilian_gador,1
lang_firiel_laes,0
lang_firiel_maen,0
lang_gwachaedir_galad,0
lang_gwador_sogannen,1
lang_gwathui_rist,1
lang_lachenn_noroth,0
lang_laes_angos,0
lang_lebdas_nur,0
lang_lebed_gil,0
lang_lhug_baug,0
lang_luithien_dunadan,0
lang_paich_Dornhoth,0
lang_randir_raegdan,0
lasguil_Tawarwaith_rom,0
lasguil_annon_fuin,0
lasguil_aphadrim_lunt,0
lasguil_aphadrim_perian,0
lasguil_cirdan_heleg,0
lasguil_ennorath_ira,0
lasguil_fuin_maethor,0
lasguil_gwanur_toll,0
lasguil_haust_haradrim,0
lasguil_hub_cabed,0
lasguil_lacha_gaurwaith,0
lasguil_lacha_imloth,0
lasguil_laes_cugu,0
lasguil_lam_forodrim,0
lasguil_laug_cirion,0
lasguil_law_ulug,0
lasguil_melethril_nimbrethil,0
lasguil_minai_ank,0
lasguil_morgul_nestad,1
lasguil_nath_firiel,0
lasguil_roch_ithron,0
lasguil_rovalug_dam,0
lasguil_rusc_galadhrim,0
lasguil_thavron_merilin,1
lass_aduial_Gonhir,0
lass_aegas_rhovan,0
lass_anann_Eluwaith,0
lass_araf_Mirion,0
lass_aras_mil,0
lass_bellas_nagol,0
lass_cae_thor,0
lass_dam_uir,0
lass_drego_gwanur,0
lass_heleg_uan,0
lass_heron_nim,0
lass_ingem_myril,0
lass_laug_sirion,0
lass_lavan_bragol,0
lass_lebenedh_edlothiad,1
lass_maen_heron,0
lass_minuial_tang,0
lass_nagol_Ennor,0
lass_nath_idhren,0
lass_rochir_midh,0
lass_saer_gul,0
lathron_Gwathuirim_haust,0
lathron_Mirion_callon,0
lathron_Sindarin_Druadan,0
lathron_andrann_achas,0
lathron_badhor_tegilbor,0
lathron_calad_certh,0
lathron_corch_morn,0
lathron_daen_aegas,0
lathron_draug_malad,0
lathron_elvellon_melethron,0
lathron_gador_agor,0
lathron_glaur_melethril,0
lathron_gond_suil,0
lathron_gwanur_per,0
lathron_lebdas_melethril,0
lathron_limlug_saew,0
lathron_melethron_bellas,1
lathron_ogol_lacha,0
lathron_perian_harad,0
lathron_randir_aran,0
lathron_rhun_agor,0
lathron_rochben_lachenn,0
lathron_sammar_galas,0
laug_Druadan_laer,0
laug_aerlinn_caras,0
laug_angos_Eru,0
laug_archam_lend,0
laug_curunir_lacha,0
laug_fang_Rochirrim,0
laug_lasguil_paich,0
laug_merilin_draug,0
laug_nana_Gwathuirim,0
laug_rochben_anwar,0
laug_rust_rhosc,0
laug_tavor_nagol,0
laug_ungol_cabed,0
lavan_adel_celon,1
lavan_aglareb_tang,0
lavan_alae_gwarth,0
lavan_amdir_manadh,0
lavan_ank_aeglir,0
lavan_cabor_imlad,0
lavan_callon_parf,0
lavan_cuin_ai,0
lavan_dunadan_gul,0
lavan_dunedhel_Gwathuirim,0
lavan_firiel_ai,0
lavan_gli_saew,0
lavan_gwachaedir_cirdan,0
lavan_gwarth_aerlinn,0
lavan_mithren_amdir,0
lavan_rudh_gaw,1
lavan_tavor_fuin,0
lavan_yll_Gwathuirim,0
lavan_yll_lin,0
law_Mithrim_fern,0
law_adar_glae,0
law_ang_raegdan,0
law_calad_amarth,0
law_elu_heledh,0
law_galas_corf,0
law_galas_naer,0
law_gath_balrog,1
law_gath_bragol,0
law_gilgalad_minai,0
law_hand_aes,0
law_heron_nell,0
law_honeg_peredhel,0
law_lathron_celon,0
law_lend_lachenn,1
law_nestad_gilgalad,0
law_nimp_aegas,0
law_nimp_muil,0
law_rochben_bregedur,0
lebdas_adar_gwathui,0
lebdas_amdir_harad,0
lebdas_bregedur_sammar,0
lebdas_celair_saig,0
lebdas_cenedril_nothrim,0
lebdas_gador_mir,0
lebdas_gilgalad_agarwaen,0
lebdas_gobennas_emel,0
lebdas_hador_firion,0
lebdas_hwiniol_Gwathuirim,0
lebdas_lain_mindon,1
lebdas_maethor_lathron,0
lebdas_mindon_grond,0
lebdas_nath_Ennor,0
lebdas_nell_rodwen,0
lebdas_rodwen_gobennas,0
lebdas_tachol_Tawarwaith,0
lebdas_tavor_manadh,0
lebed_Ennor_lossen,1
lebed_alae_saelor,0
lebed_ang_vin,0
lebed_aran_glaur,0
lebed_aran_gul,0
lebed_aranarth_salab,0
lebed_bellas_lhug,0
lebed_dam_lasguil,0
lebed_espalass_angos,1
lebed_graw_corf,1
lebed_gwael_ang,0
lebed_hend_echad,0
lebed_heron_grond,1
lebed_hu_muinthel,0
lebed_ithron_drafn,0
lebed_lasguil_malad,1
lebed_lebdas_celon,1
lebed_minas_galvorn,0
lebed_mindon_rhach,0
lebed_nagol_thurin,0
lebed_pennas_minas,1
lebed_pilin_cuin,0
lebed_ris_corf,0
lebed_rodwen_per,0
lebed_ryn_adan,0
lebenedh_aeglir_dunadan,1
lebenedh_agar_rochir,0
lebenedh_amath_tathar,0
lebenedh_bain_ungol,0
lebenedh_baneth_salab,0
lebenedh_corf_cae,0
lebenedh_dannas_aranarth,0
lebenedh_echad_rust,0
lebenedh_firen_cair,0
lebenedh_galvorn_dunadan,0
lebenedh_gwanur_heron,0
lebenedh_hervenn_tirith,1
lebenedh_iar_bragol,1
lebenedh_imlad_draug,0
lebenedh_lachenn_dunadan,0
lebenedh_lagor_aiglos,0
lebenedh_meldir_neledh,0
lebenedh_menel_echad,0
lebenedh_mindon_achad,0
lebenedh_mindon_alae,0
lebenedh_mirdan_gwilwileth,0
lebenedh_muinthel_draug,0
lebenedh_roch_baneth,1
lebenedh_salab_tavor,0
lebenedh_tegilbor_alae,0
lembas_achas_pess,0
lembas_braig_alph,0
lembas_celeb_narthan,0
lembas_corch_nana,0
lembas_dam_forodrim,1
lembas_drafn_uanui,0
lembas_eglan_hud,0
lembas_ennorath_corch,0
lembas_galadh_echad,0
lembas_gaw_amloth,1
lembas_heron_bain,0
lembas_law_glaur,1
lembas_lebenedh_aear,0
lembas_mirdan_gwend,0
lembas_mithril_nell,0
lembas_nim_noroth,0
lembas_panas_hal,0
lembas_pod_morgul,0
lembas_thangail_pess,0
lembas_uan_gwarth,0
lend_Eluwaith_limlug,0
lend_draug_ennorath,0
lend_eirien_lunt,1
lend_haust_Sindarin,0
lend_heledir_mirdan,0
lend_heleg_lass,0
lend_hub_glamog,0
lend_lang_randir,0
lend_lobor_luith,0
lend_morn_lembas,0
lend_parf_fuin,0
lend_salph_gwarth,0
lend_tinuviel_emel,1
lend_uanui_amath,0
lhug_Ithil_hun,0
lhug_aerlinn_eirien,0
lhug_alagos_gwathui,0
lhug_anwar_thurin,0
lhug_aras_lass,1
lhug_dunadan_daen,0
lhug_firion_rochir,0
lhug_gaw_lass,0
lhug_hud_haeron,0
lhug_in_rhun,0
lhug_lembas_cuil,0
lhug_mithril_gli,0
lhug_parf_gwilwileth,1
lhug_raef_rhosc,1
lhug_rhach_menel,0
lhug_sador_toll,0
lhug_salab_myril,0
lhug_sirion_saelor,0
lhug_ylf_Gwathuirim,0
limlug_aerlinn_inias,0
limlug_aes_gaw,0
limlug_aglareb_hador,1
limlug_amlug_helegnen,0
limlug_bain_nell,0
limlug_callon_rhach,0
limlug_celair_midh,0
limlug_cirion_lagor,0
limlug_echad_harad,0
limlug_fang_muinthel,0
limlug_fervain_alagos,1
limlug_fuin_hand,0
limlug_glaur_mithril,0
limlug_gobennas_talraph,0
limlug_gwilwileth_balrog,0
limlug_hend_sador,0
limlug_lass_pendrath,0
limlug_lavan_aeglir,0
limlug_lobor_lalaith,0
limlug_magor_lebdas,0
limlug_midh_sirion,0
limlug_myril_dunedhel,0
limlug_narthan_minuial,0
limlug_nath_faun,0
limlug_nidh_alag,0
limlug_perian_gil,0
limlug_puig_meldir,0
limlug_uanui_agarwaen,0
lin_alagos_Sindarin,0
lin_alagos_cuil,0
lin_amlug_ah,0
lin_anwar_aphadrim,0
lin_dunadan_cugu,0
lin_faradrim_gwador,0
lin_fern_galad,0
lin_forodrim_lost,0
lin_gas_amarth,0
lin_glamog_grond,0
lin_helegnen_emel,0
lin_imrad_maecheneb,1
lin_law_laug,0
lin_merilin_certh,0
lin_minuial_loss,0
lin_naer_uan,0
lin_nost_corch,0
lin_pent_galad,0
lin_pess_eilian,0
lin_puig_amarth,0
lin_ris_aglareb,0
lin_rovalug_saew,0
lin_sogannen_morn,0
lin_tang_thangail,0
lin_tann_saig,0
lin_uanui_lain,0
lobor_alph_honeg,0
lobor_amloth_thangail,0
lobor_corf_ninglor,0
lobor_cuil_baneth,1
lobor_dirnaith_guldur,0
lobor_faradrim_glandagol,0
lobor_gaw_dam,0
lobor_gwachaedir_aerlinn,0
lobor_lang_talraph,0
lobor_lass_dunedhel,0
lobor_lin_bellas,0
lobor_minuial_galas,1
lobor_pent_iphant,0
lorn_adan_dagnir,0
lorn_aes_mir,0
lorn_bass_raegdan,0
lorn_curunir_nana,0
lorn_espalass_hal,0
lorn_galenas_hador,0
lorn_gondrath_nell,0
lorn_gorn_ist,0
lorn_helegnen_ithildin,0
lorn_helegnen_meldir,0
lorn_ingem_Ithil,0
lorn_law_maecheneb,0
lorn_luin_ungol,0
lorn_min_emel,0
lorn_mithren_nath,0
lorn_mund_heledir,0
lorn_nestad_hwiniol,0
lorn_riel_thavron,0
loss_agarwaen_aduial,0
loss_andrann_rusc,0
loss_barad_menel,0
loss_bellas_lost,0
loss_cabor_heledir,0
loss_celon_noroth,0
loss_corch_mund,0
loss_galas_aith,1
loss_gellui_nestad,0
loss_gwanur_pethron,1
loss_gwilwileth_uruk,0
loss_harad_rhun,0
loss_hervenn_badhor,0
loss_hud_cabor,0
loss_iaun_cund,1
loss_lossen_maen,0
loss_manadh_rusc,0
loss_melethril_adel,1
loss_min_sirion,0
loss_mithril_eryn,0
loss_saig_Eru,0
loss_thurin_edlothiad,1
loss_thurin_erchion,1
loss_yll_aegas,0
lossen_achad_Eru,0
lossen_badhor_lend,1
lossen_cair_eglan,1
lossen_cirion_meril,0
lossen_cugu_rhun,0
lossen_glamog_Eluwaith,0
lossen_guldur_gaur,0
lossen_gwador_hend,0
lossen_gwathui_naer,0
lossen_gwathui_pod,0
lossen_hador_echad,0
lossen_hend_iphant,0
lossen_heron_gil,0
lossen_ingem_nestad,0
lossen_ithron_aes,0
lossen_lebdas_alag,0
lossen_magor_magol,0
lossen_nothrim_firen,1
lossen_puig_imloth,0
lossen_saig_ogol,0
lossen_suil_maen,0
lossen_tobas_gilgalad,1
lossen_uir_tavor,0
lost_ah_cugu,0
lost_badhor_fuin,0
lost_balrog_cabor,0
lost_bass_ah,0
lost_calad_luithien,0
lost_cugu_laer,0
lost_faen_rhach,0
lost_fang_cyron,0
lost_gwanur_loss,0
lost_hand_haradrim,0
lost_idhren_haradrim,1
lost_in_grond,0
lost_lebenedh_alae,0
lost_nadhras_hervess,0
lost_nagol_Rochirrim,0
lost_nimbrethil_paich,0
lost_saelor_gul,0
lost_sammar_uan,0
lost_ylf_cyron,0
luin_Eluwaith_ris,0
luin_Gonhir_ruith,1
luin_andrann_cyron,0
luin_anwar_barad,0
luin_cabor_hador,0
luin_cae_rusc,1
luin_celon_riel,0
luin_cirion_nell,0
luin_forodrim_meril,0
luin_gador_ist,0
luin_gath_aranarth,0
luin_gilgalad_hadhod,1
luin_gobennas_mund,0
luin_gwaun_malad,0
luin_hast_narthan,0
luin_hud_adel,0
luin_lam_lebenedh,0
luin_lin_rhovan,0
luin_mund_rodwen,1
luin_nimbrethil_mindon,0
luin_paich_laer,0
luin_parf_galenas,0
luin_tathar_Tawarwaith,0
luin_ulug_glamor,0
luin_ylf_rom,0
luin_yll_glandagol,1
luith_Eru_nana,0
luith_Sindarin_annon,0
luith_aglareb_nimbrethil,0
luith_araf_gaur,0
luith_bragol_gwaun,1
luith_cuil_echad,0
luith_eilian_loss,0
luith_faen_elvellon,1
luith_firiel_riel,0
luith_galvorn_amon,0
luith_gellui_rochben,1
luith_hu_uruk,0
luith_in_lathron,0
luith_loss_rovalug,0
luith_nell_morn,1
luith_salab_law,0
luith_sammar_rochben,0
luith_tinuviel_gador,0
luithien_achad_gwael,0
luithien_dagnir_luin,0
luithien_gilgalad_graw,0
luithien_glamog_mil,0
luithien_gondrath_onodrim,0
luithien_nestad_glae,0
luithien_pennas_toll,0
luithien_rhosc_midh,0
luithien_talraph_baneth,0
lunt_adar_baneth,0
lunt_aear_lobor,0
lunt_anann_morn,0
lunt_araf_agar,1
lunt_caras_galvorn,0
lunt_celair_guldur,0
lunt_fae_gwaloth,0
lunt_fuin_thor,0
lunt_gellui_alagos,0
lunt_glae_gondrath,0
lunt_glamog_daen,0
lunt_hador_ris,0
lunt_laes_mereth,1
lunt_lang_dannas,1
lunt_maen_gaurwaith,1
lunt_maen_salph,0
lunt_mil_minai,0
lunt_pilin_bain,0
lunt_rach_thor,0
lunt_rodwen_glamog,0
lunt_rudh_caras,0
maecheneb_aith_cabor,0
maecheneb_alph_thamas,0
maecheneb_amloth_anwar,0
maecheneb_eilian_manadh,0
maecheneb_haradrim_glaur,0
maecheneb_heledh_baneth,0
maecheneb_ist_adel,0
maecheneb_menel_lasguil,1
maecheneb_raegdan_imrath,0
maecheneb_raug_inias,0
maecheneb_rhun_achad,0
maecheneb_riel_muil,1
maecheneb_thul_ist,0
maecheneb_yll_elvellon,0
maen_aear_forodrim,0
maen_anann_Druadan,0
maen_bregedur_erchion,0
maen_cugu_in,0
maen_dol_angos,0
maen_duin_laes,0
maen_eglan_per,0
maen_erchion_Eluwaith,0
maen_guldur_nana,0
maen_heron_rochir,0
maen_imloth_panas,0
maen_lang_aerlinn,0
maen_lasguil_gobennas,0
maen_lebed_hud,0
maen_lossen_muinthel,0
maen_mil_dirnaith,0
maen_rach_heledh,0
maen_rom_rhun,0
maen_ryn_aiglos,0
maen_saew_tann,0
maen_talraph_Dornhoth,0
maen_tang_aras,0
maethor_aear_lathron,0
maethor_andrann_aphadrim,1
maethor_aranarth_pent,0
maethor_bregedur_cuil,1
maethor_cae_adel,0
maethor_corch_tachol,0
maethor_galadh_rhosc,0
maethor_gaurwaith_pennas,0
maethor_gwador_yll,1
maethor_gwaun_Tawarwaith,0
maethor_lam_rochben,0
maethor_lebdas_saelor,1
maethor_luith_dagnir,0
maethor_mindon_hun,0
maethor_rhosc_pethron,0
maethor_rust_faen,1
maethor_tachol_romru,1
maethor_tang_mil,0
magol_Eluwaith_Ithil,0
magol_aeglir_morgul,0
magol_amloth_faun,1
magol_bass_pess,0
magol_bronwe_malad,0
magol_cugu_tamin,0
magol_dagnir_eirien,0
magol_gador_lin,0
magol_inias_lebed,0
magol_iphant_forodrim,0
magol_minuial_nestad,0
magol_navaer_roch,0
magol_rust_ang,0
magol_saig_gil,0
magor_barad_hul,0
magor_baug_iaun,1
magor_draug_glamor,0
magor_gwarth_minai,1
magor_hadhod_gorn,0
magor_haradrim_lain,0
magor_heledir_lembas,0
magor_honeg_hal,1
magor_hud_adan,0
magor_lang_dagnir,1
magor_lembas_panas,0
magor_lunt_hu,0
magor_minai_alph,0
magor_minuial_Eluwaith,0
magor_minuial_corch,0
magor_mir_drego,0
magor_rach_lossen,0
magor_rhach_hervess,0
magor_rust_cenedril,0
magor_uanui_melethron,0
malad_Gonhir_araf,0
malad_angos_aeruil,0
malad_cyron_paich,0
malad_dagnir_paich,0
malad_glae_eirien,0
malad_heledh_soga,0
malad_ira_balrog,0
malad_lagor_glass,0
malad_lam_romru,0
malad_lebed_neledh,0
malad_lossen_anann,0
malad_mil_raug,0
malad_nadhras_lin,0
malad_nana_mir,0
malad_nana_neledh,0
malad_nell_tann,0
malad_rochben_badhor,0
malad_romru_ai,0
malad_ruith_loss,1
malad_salab_uir,0
malad_uanui_lavan,0
manadh_aear_gwaun,0
manadh_alag_ram,0
manadh_andrann_galvorn,0
manadh_annon_lorn,0
manadh_anwar_nim,0
manadh_aphadrim_hub,0
manadh_bellas_helegnen,0
manadh_dunedhel_lagor,0
manadh_gath_limlug,0
manadh_graw_min,0
manadh_hador_emel,1
manadh_imlad_merilin,0
manadh_mindon_laes,0
manadh_nothrim_hadhod,0
manadh_thul_amon,0
meldir_amon_toll,0
meldir_bain_rodwen,0
meldir_baug_glamog,0
meldir_bronwe_ogol,1
meldir_cuin_nur,0
meldir_curunir_meril,0
meldir_dol_haust,1
meldir_galas_lost,0
meldir_haeron_lunt,0
meldir_lin_tachol,0
meldir_naer_angos,0
meldir_raug_saig,0
meldir_tegilbor_panas,0
meldir_thavron_randir,0
meldir_tinuviel_aeglir,0
melethril_ah_myril,0
melethril_amarth_ah,1
melethril_edlothiad_rhovan,0
melethril_galvorn_hador,1
melethril_gilgalad_Gwathuirim,0
melethril_gwaun_hal,0
melethril_idhren_gul,0
melethril_ithildin_hend,0
melethril_laer_nestad,0
melethril_lavan_gwaun,0
melethril_lhug_acharn,0
melethril_maen_iphant,0
melethril_maen_panas,0
melethril_meldir_annon,0
melethril_mir_ennorath,0
melethril_nath_haeron,0
melethril_nidh_agarwaen,0
melethril_nimp_dannas,0
melethril_noroth_aeruil,0
melethril_rhun_hub,1
melethril_rusc_aphadrim,1
melethril_tavor_menel,0
melethril_uruk_lain,0
melethril_ylf_imrath,0
melethron_Dornhoth_agarwaen,0
melethron_adab_dannas,0
melethron_amdir_peredhel,1
melethron_cirdan_barad,0
melethron_cyron_uir,0
melethron_dam_roch,0
melethron_harad_lang,0
melethron_lalaith_saig,0
melethron_lavan_rach,0
melethron_lebdas_lasguil,0
melethron_lembas_mereth,0
melethron_minuial_Gwathuirim,0
melethron_nana_gobennas,0
melethron_ulug_merilin,0
menel_aegas_amlug,0
menel_aes_lasguil,1
menel_anann_honeg,1
menel_anwar_rodwen,0
menel_baneth_merilin,0
menel_corch_amon,0
menel_cuil_lunt,0
menel_dol_faun,1
menel_drafn_galadh,1
menel_graw_heledh,0
menel_haudh_vin,0
menel_hu_glandagol,0
menel_lebed_narthan,0
menel_magor_amarth,0
menel_mindon_lagor,0
menel_mund_fuin,0
menel_naer_magor,0
menel_ogol_nell,0
menel_tachol_daen,0
menel_thangail_thurin,0
menel_thurin_ablad,0
mereth_achad_drafn,0
mereth_aear_lain,0
mereth_cund_aduial,0
mereth_faen_ablad,0
mereth_gond_paich,0
mereth_hend_tathar,0
mereth_ithildin_iar,0
mereth_maen_parf,1
mereth_mir_aras,0
mereth_mund_lorn,0
mereth_per_idhren,1
mereth_ryn_alph,0
mereth_saew_ingem,0
mereth_tachol_tann,0
meril_achas_dirnaith,0
meril_aerlinn_aeruil,0
meril_aeruil_uruk,0
meril_amlug_forodrim,0
meril_dam_Rochirrim,0
meril_elvellon_hervenn,0
meril_galadhrim_iar,1
meril_hend_lunt,0
meril_iaun_archam,0
meril_lang_soga,0
meril_merilin_dagnir,0
meril_pod_midh,1
meril_rudh_thurin,0
merilin_aderthad_ah,0
merilin_amloth_ithron,0
merilin_anann_magor,0
merilin_angos_pilin,0
merilin_cabed_gobennas,0
merilin_cirdan_callon,0
merilin_fast_lavan,0
merilin_forodrim_gath,0
merilin_galad_eirien,0
merilin_gwaun_meldir,0
merilin_hadhod_gaur,0
merilin_hud_callon,0
merilin_naer_fuin,0
merilin_ogol_raug,0
merilin_raug_gwanur,0
merilin_rudh_gador,0
midh_Mirion_rust,0
midh_adar_saelor,0
midh_aegas_edlothiad,0
midh_aeglir_nost,0
midh_aerlinn_gobennas,0
midh_ang_callon,0
midh_archam_gas,0
midh_fae_badhor,0
midh_galad_echad,0
midh_galvorn_min,0
midh_glandagol_ingem,0
midh_hador_galad,0
midh_hast_tirith,1
midh_heledh_nadhras,0
midh_loss_badhor,0
midh_malad_Tawarwaith,0
midh_malad_dagnir,0
midh_minuial_uruk,0
midh_narthan_aran,0
midh_uan_imrad,0
midh_ungol_tamin,0
mil_Eluwaith_hervenn,0
mil_Gwathuirim_lorn,0
mil_Sindarin_amon,0
mil_aerlinn_noroth,0
mil_anwar_tinuviel,0
mil_corf_alae,0
mil_draug_gwador,0
mil_dunadan_graw,0
mil_ennorath_aear,0
mil_fast_puig,0
mil_galadhrim_nidh,1
mil_glaur_cyron,1
mil_gwathui_menel,0
mil_heleg_firen,0
mil_lasguil_rodwen,0
mil_noroth_min,0
mil_rhosc_mithril,0
mil_talraph_gond,0
mil_tavor_ungol,0
mil_tirith_Mirion,0
min_ablad_nimbrethil,0
min_alagos_fang,0
min_amdir_faradrim,0
min_annon_agarwaen,1
min_aphadrim_Tawarwaith,0
min_aphadrim_gondrath,0
min_aras_perian,0
min_cabed_ris,0
min_cabor_morn,0
min_cugu_helegnen,0
min_eirien_glamor,0
min_hul_cyron,0
min_ira_achas,0
min_lacha_hand,0
min_lebdas_angos,0
min_midh_ram,1
min_minuial_dannas,0
min_muil_talraph,1
minai_agarwaen_sirion,0
minai_aglareb_gilgalad,0
minai_calad_aduial,0
minai_curunir_cair,0
minai_emel_hun,0
minai_fervain_tavor,1
minai_firion_bragol,0
minai_glass_limlug,0
minai_gobennas_riel,0
minai_gwachaedir_idhren,1
minai_gwaloth_certh,0
minai_hador_balrog,1
minai_hwiniol_yll,0
minai_iar_emel,0
minai_lebenedh_pennas,0
minai_lost_thavron,1
minai_maethor_tathar,0
minai_merilin_meldir,0
minai_midh_rudh,0
minai_mund_lembas,0
minai_pod_andrann,1
minai_rhach_cae,0
minai_saew_pent,0
minas_aras_adan,0
minas_eglan_ogol,0
minas_galvorn_achas,0
minas_gath_luithien,0
minas_gli_acharn,0
minas_helegnen_mil,0
minas_imrad_rist,0
minas_ithildin_aranarth,0
minas_laes_iar,0
minas_lagor_aeglir,0
minas_lang_saew,0
minas_luin_pess,0
minas_morgul_limlug,0
minas_rovalug_mund,0
minas_saer_eilian,1
minas_sogannen_lebdas,0
minas_sogannen_lembas,1
minas_sogannen_maethor,0
minas_tegilbor_gil,0
mindon_adel_faradrim,0
mindon_aes_rist,0
mindon_amloth_rhun,0
mindon_celeb_gwathui,0
mindon_faen_lam,0
mindon_galadh_dagnir,0
mindon_gli_firion,0
mindon_hud_thor,0
mindon_nana_eilian,0
mindon_ram_tinuviel,0
mindon_sammar_sirion,0
minuial_aes_vin,0
minuial_callon_soga,0
minuial_certh_annon,0
minuial_cirion_thurin,0
minuial_corch_Dornhoth,0
minuial_cugu_lavan,1
minuial_curunir_fang,0
minuial_dol_rhun,0
minuial_edlothiad_lavan,1
minuial_firen_galas,0
minuial_lachenn_dunadan,0
minuial_laug_fern,0
minuial_melethron_ank,0
minuial_nadhras_sogannen,0
minuial_nestad_meril,0
minuial_nimbrethil_lam,0
minuial_nost_gilgalad,0
minuial_pent_tamin,0
minuial_pess_lavan,0
minuial_rach_adel,0
minuial_rist_pendrath,0
minuial_rom_fervain,0
mir_Druadan_tachol,0
mir_agar_laes,0
mir_aras_ram,0
mir_eryn_raug,0
mir_fervain_glandagol,0
mir_gador_adar,0
mir_hador_erchion,0
mir_hal_imrad,0
mir_heleg_hub,0
mir_helegnen_agor,0
mir_iphant_amloth,0
mir_iphant_hadhod,0
mir_maethor_pendrath,0
mir_minas_agarwaen,0
mir_nadhras_aran,0
mir_pod_Eluwaith,0
mir_tavor_magor,0
mir_uan_aglareb,0
mirdan_agarwaen_pennas,0
mirdan_aran_graw,0
mirdan_callon_archam,0
mirdan_gador_heledir,0
mirdan_hervess_naer,0
mirdan_lasguil_Ennor,0
mirdan_lin_galenas,0
mirdan_lost_paich,1
mirdan_minuial_Mithrim,0
mirdan_nadhras_lain,1
mirdan_sador_aes,0
mirdan_soga_bain,0
mirdan_thor_cabed,0
mirdan_uir_thangail,0
mithren_aiglos_echad,1
mithren_aiglos_hu,0
mithren_andrann_inias,0
mithren_balrog_nath,0
mithren_cuin_uanui,0
mithren_cund_archam,0
mithren_cund_grond,0
mithren_forodrim_Gwathuirim,0
mithren_galvorn_haust,1
mithren_glaur_lagor,0
mithren_gobennas_thor,0
mithren_hador_minuial,0
mithren_hand_tang,0
mithren_haradrim_hand,0
mithren_ist_ank,0
mithren_ithron_haust,1
mithren_rach_ithron,0
mithren_randir_curunir,0
mithren_soga_gwathui,0
mithril_adab_hast,0
mithril_aiglos_sirion,0
mithril_alag_aerlinn,0
mithril_anann_paich,0
mithril_echad_cirdan,0
mithril_firiel_mund,0
mithril_guldur_elvellon,0
mithril_haeron_rhach,0
mithril_lachenn_hast,0
mithril_lost_lain,0
mithril_rhosc_ris,0
mithril_thangail_aerlinn,0
mithril_thul_braig,0
morgul_Mithrim_drego,0
morgul_aegas_iar,0
morgul_aes_min,0
morgul_alae_tathar,0
morgul_cirdan_galenas,0
morgul_curunir_tobas,0
morgul_dagnir_rhosc,0
morgul_dannas_gondrath,0
morgul_drego_eirien,0
morgul_faen_ai,0
morgul_hador_muinthel,0
morgul_hervenn_iphant,0
morgul_imloth_salab,0
morgul_lavan_cenedril,0
morgul_lin_balrog,0
morgul_lorn_galvorn,0
morgul_noroth_tavor,0
morgul_ram_meldir,0
morgul_rist_ram,0
morgul_rust_uanui,0
morgul_tavor_baug,0
morgul_thurin_sirion,0
morn_Elrim_saelor,0
morn_andrann_galadh,0
morn_ank_drego,0
morn_bronwe_meril,0
morn_dunedhel_gwanur,0
morn_firen_celair,0
morn_hub_haeron,0
morn_ist_imlad,0
morn_ninglor_mindon,0
morn_thul_amdir,0
morn_vin_lost,0
muil_cund_aes,0
muil_dam_dagnir,0
muil_eredh_corch,0
muil_galadhrim_daen,0
muil_gwarth_Rochirrim,0
muil_hud_dannas,0
muil_iar_aes,1
muil_in_adab,0
muil_laer_adan,0
muil_maecheneb_tachol,0
muil_parf_muinthel,0
muil_rhosc_idhren,1
muil_rodwen_alae,0
muil_rusc_uanui,0
muil_tegilbor_salab,0
muil_tinuviel_riel,0
muinthel_Ennor_inias,0
muinthel_adar_magor,0
muinthel_archam_tavor,0
muinthel_bain_in,0
muinthel_cuil_inias,0
muinthel_cuil_nana,0
muinthel_forodrim_meldir,1
muinthel_galvorn_lalaith,1
muinthel_gli_calad,1
muinthel_gwanur_hu,1
muinthel_hun_eirien,0
muinthel_lachenn_morgul,0
muinthel_lagor_hervenn,0
muinthel_lobor_cugu,0
muinthel_lunt_nidh,0
muinthel_morgul_aear,0
muinthel_raegdan_aranarth,0
muinthel_tinuviel_haeron,0
muinthel_tirith_alag,0
muinthel_ylf_manadh,0
mund_amath_nur,0
mund_dannas_Eluwaith,0
mund_dannas_lebdas,0
mund_erchion_aear,0
mund_faradrim_aes,0
mund_hadhod_celeb,1
mund_iaun_saelor,0
mund_imrad_aeruil,0
mund_imrath_mereth,0
mund_lossen_emel,0
mund_nestad_tavor,0
mund_pent_agar,0
mund_raug_riel,1
mund_rust_mithril,0
mund_saig_nim,0
myril_Eru_rom,0
myril_alph_bronwe,0
myril_amdir_galas,0
myril_annon_hast,0
myril_callon_randir,0
myril_duin_badhor,1
myril_gul_cyron,0
myril_gwael_mindon,0
myril_hud_nestad,0
myril_iaun_ira,0
myril_inias_maethor,0
myril_lunt_raef,1
myril_navaer_galenas,0
myril_nur_hub,1
myril_pent_hun,0
myril_rochben_talraph,0
myril_rom_ist,1
nadhras_Sindarin_cae,0
nadhras_braig_inias,0
nadhras_dol_ithron,0
nadhras_duin_uir,1
nadhras_galas_andrann,0
nadhras_hervess_celeb,0
nadhras_lobor_lebenedh,0
nadhras_mir_mithril,0
nadhras_mithren_gwador,0
nadhras_pendrath_ryn,0
nadhras_pennas_acharn,0
nadhras_rodwen_tachol,1
nadhras_rudh_hwiniol,0
nadhras_suil_ungol,0
nadhras_tinuviel_Ennor,0
nadhras_tirith_rhosc,0
naer_Ithil_Sindarin,0
naer_ablad_cugu,1
naer_ah_gwador,0
naer_anann_erchion,0
naer_andrann_cair,1
naer_curunir_ithron,0
naer_eilian_lasguil,0
naer_fae_Druadan,0
naer_faradrim_cae,1
naer_galad_rochben,0
naer_glaur_hun,0
naer_gwachaedir_echad,0
naer_gwael_achad,0
naer_hal_paich,0
naer_minai_morn,0
naer_minas_iar,0
naer_onodrim_aith,0
naer_riel_gorn,0
naer_rust_narthan,0
naer_ungol_rusc,0
nagol_Dornhoth_tinnu,0
nagol_achad_lacha,0
nagol_agarwaen_tinnu,0
nagol_amon_thavron,0
nagol_celeb_cuil,1
nagol_dagnir_Rochirrim,0
nagol_galad_lhug,0
nagol_galvorn_glae,0
nagol_harad_lin,0
nagol_hun_tirith,0
nagol_law_meldir,0
nagol_lebdas_alae,0
nagol_lend_rochben,0
nagol_lorn_anwar,0
nagol_luith_dirnaith,0
nagol_lunt_gwanur,0
nagol_mirdan_naer,0
nagol_mund_Mithrim,0
nagol_parf_tang,0
nagol_rhovan_rovalug,0
nagol_tann_imrath,0
nana_Elrim_tobas,0
nana_achad_paich,0
nana_amarth_puig,0
nana_amon_saer,0
nana_celeb_andrann,0
nana_cenedril_hervenn,0
nana_dam_bronwe,0
nana_dannas_lorn,1
nana_duin_galadhrim,0
nana_gaur_rhosc,0
nana_haeron_inias,0
nana_haradrim_thor,0
nana_hast_meldir,0
nana_lebenedh_achas,0
nana_mithren_maethor,0
nana_muil_saer,0
nana_saer_gwanur,0
nana_salab_law,0
nana_thor_talraph,0
nana_uanui_ai,0
narthan_Eru_galadhrim,0
narthan_acharn_lavan,0
narthan_anann_fern,0
narthan_badhor_haradrim,0
narthan_bain_tamin,0
narthan_fern_certh,0
narthan_galas_bellas,0
narthan_glass_Dornhoth,0
narthan_gwaloth_tinuviel,0
narthan_inias_ai,1
narthan_lagor_gond,0
narthan_lavan_uruk,0
narthan_lebdas_ram,0
narthan_nell_graw,1
narthan_rhach_glaur,0
narthan_ylf_galadh,0
nath_Gonhir_iaun,1
nath_aderthad_glae,0
nath_aegas_certh,0
nath_alph_glaur,0
nath_aranarth_bellas,0
nath_archam_nost,0
nath_bass_hador,0
nath_daen_gaurwaith,0
nath_faun_lhug,0
nath_glaur_ulug,0
nath_gorn_saig,0
nath_gwathui_aran,0
nath_hervess_glass,0
nath_iaun_min,0
nath_maen_raug,0
nath_mithril_Gonhir,1
nath_nur_romru,0
nath_pent_firen,0
nath_pethron_Gwathuirim,0
nath_rhovan_iaun,0
nath_rovalug_yll,0
nath_tachol_haudh,0
navaer_Gwathuirim_heledh,0
navaer_aduial_bragol,0
navaer_alae_adel,0
navaer_baug_nestad,0
navaer_cuil_rusc,0
navaer_dunedhel_hud,0
navaer_gwathui_faradrim,0
navaer_gwend_lebdas,0
navaer_harad_ithildin,0
navaer_heledh_loss,0
navaer_hud_celeb,1
navaer_lathron_rust,0
navaer_meldir_cae,0
navaer_mereth_hun,0
navaer_minuial_paich,0
navaer_muinthel_lathron,0
navaer_saelor_gwathui,1
navaer_talraph_Tawarwaith,0
navaer_toll_gorn,0
navaer_uruk_luithien,0
neledh_Elrim_hand,0
neledh_Gonhir_laer,0
neledh_adab_ylf,0
neledh_aduial_haradrim,0
neledh_aerlinn_pod,0
neledh_bass_Ithil,0
neledh_bregedur_grond,0
neledh_cirdan_hador,1
neledh_faun_cabor,0
neledh_gondrath_aderthad,0
neledh_guldur_lathron,0
neledh_lossen_aderthad,0
neledh_magol_glae,0
neledh_nagol_paich,0
neledh_nana_Ithil,0
neledh_nimbrethil_onodrim,0
neledh_onodrim_agarwaen,0
neledh_per_onodrim,0
nell_Ithil_romru,0
nell_achad_tamin,0
nell_adan_hervenn,0
nell_alph_agar,0
nell_dagnir_hwiniol,0
nell_dunedhel_Ennor,0
nell_eglan_aiglos,0
nell_eryn_tang,0
nell_faun_hervenn,0
nell_glamor_amloth,0
nell_glamor_malad,0
nell_hub_aes,0
nell_imloth_Ithil,0
nell_loss_dirnaith,0
nell_luin_cuil,0
nell_mithril_hervenn,0
nell_ninglor_firen,0
nell_ninglor_rusc,0
nestad_Eluwaith_Gwathuirim,0
nestad_agor_glae,0
nestad_cirion_iphant,1
nestad_corch_nidh,0
nestad_galenas_tathar,0
nestad_gaw_melethril,0
nestad_gul_rach,1
nestad_gwend_nost,0
nestad_hadhod_in,0
nestad_hud_lembas,0
nestad_lasguil_amon,0
nestad_lhug_ang,0
nestad_lin_ennorath,0
nestad_magor_Druadan,0
nestad_midh_minai,0
nestad_noroth_uanui,0
nestad_peredhel_imlad,0
nestad_rochben_hun,0
nidh_angos_aeglir,0
nidh_cuil_agor,0
nidh_eglan_adar,1
nidh_espalass_aeruil,0
nidh_galadhrim_lavan,0
nidh_gorn_hadhod,0
nidh_hand_pendrath,0
nidh_imloth_Sindarin,0
nidh_imrad_tinuviel,0
nidh_in_gath,0
nidh_meldir_curunir,0
nidh_melethron_gil,0
nidh_merilin_fang,0
nidh_mir_rhun,0
nidh_nestad_ank,0
nidh_ruith_aderthad,0
nidh_yll_heledh,0
nim_alph_ithildin,0
nim_baug_minuial,0
nim_dagnir_mithril,1
nim_eredh_gondrath,0
nim_espalass_ungol,0
nim_fervain_magol,0
nim_forodrim_minas,1
nim_gador_morn,0
nim_guldur_lang,0
nim_gwilwileth_duin,0
nim_lebenedh_maecheneb,0
nim_lobor_gaurwaith,0
nim_minas_bellas,0
nim_narthan_gobennas,0
nim_nestad_thor,0
nim_pennas_imrath,0
nimbrethil_Gonhir_fuin,0
nimbrethil_adar_ulug,0
nimbrethil_adel_midh,0
nimbrethil_andrann_gwael,0
nimbrethil_aphadrim_braig,0
nimbrethil_barad_espalass,0
nimbrethil_bronwe_merilin,0
nimbrethil_cenedril_naer,0
nimbrethil_ennorath_gul,0
nimbrethil_fern_adan,0
nimbrethil_galas_riel,0
nimbrethil_galenas_saer,0
nimbrethil_gellui_lembas,1
nimbrethil_gobennas_manadh,0
nimbrethil_heledir_rhach,0
nimbrethil_iaun_araf,0
nimbrethil_lebdas_hast,0
nimbrethil_myril_bain,0
nimbrethil_puig_sammar,0
nimbrethil_rodwen_sirion,0
nimbrethil_ruith_gil,0
nimbrethil_suil_haeron,0
nimbrethil_tinnu_saelor,0
nimp_Sindarin_araf,0
nimp_alae_daen,0
nimp_amath_amon,0
nimp_cabor_bellas,0
nimp_cae_uir,0
nimp_celon_gath,0
nimp_cund_sammar,0
nimp_dagnir_lobor,1
nimp_edlothiad_lang,0
nimp_galenas_agarwaen,0
nimp_glamog_adar,0
nimp_glass_limlug,0
nimp_gwaloth_sirion,0
nimp_heleg_per,0
nimp_hervess_glamog,0
nimp_lachenn_romru,0
nimp_luin_gellui,0
nimp_midh_cugu,0
nimp_minuial_nadhras,0
nimp_noroth_anann,0
nimp_peredhel_aiglos,0
nimp_rhosc_bass,0
nimp_riel_saelor,0
nimp_roch_onodrim,0
nimp_talraph_fuin,0
nimp_tirith_lachenn,0
nimp_ulug_galad,0
ninglor_ah_aes,0
ninglor_ang_echad,0
ninglor_bellas_curunir,0
ninglor_dol_loss,0
ninglor_firen_maen,0
ninglor_fuin_laer,0
ninglor_gwarth_melethril,0
ninglor_hast_pennas,0
ninglor_heron_aduial,0
ninglor_ist_aranarth,1
ninglor_lacha_eirien,0
ninglor_menel_Eru,0
ninglor_mithren_ulug,0
ninglor_nadhras_romru,0
ninglor_nath_hul,0
ninglor_onodrim_naer,0
ninglor_rhun_Gwathuirim,0
ninglor_tang_duin,0
noroth_aear_Elrim,0
noroth_aiglos_amdir,0
noroth_aith_Eru,0
noroth_anann_emel,0
noroth_angos_gwael,0
noroth_bronwe_maecheneb,0
noroth_callon_imloth,1
noroth_gul_salab,1
noroth_iphant_randir,0
noroth_ist_ingem,0
noroth_lam_tang,0
noroth_lend_mir,0
noroth_lin_hervess,0
noroth_nidh_ram,0
noroth_pilin_tobas,0
noroth_raef_Rochirrim,0
noroth_ris_cuil,1
noroth_sador_bronwe,0
noroth_tegilbor_drafn,0
noroth_thangail_corf,0
nost_achad_barad,0
nost_aduial_gwarth,0
nost_aran_hadhod,0
nost_braig_aranarth,0
nost_cugu_mir,1
nost_draug_gath,0
nost_fast_gil,0
nost_glandagol_aith,0
nost_gwilwileth_gobennas,0
nost_haudh_cabor,0
nost_imlad_aderthad,0
nost_lain_aduial,0
nost_lend_baug,0
nost_lorn_ninglor,0
nost_lossen_rochir,0
nost_nur_adab,0
nost_puig_glaur,0
nost_rhosc_ithron,0
nost_rhovan_bregedur,0
nost_rovalug_haudh,0
nost_sammar_merilin,0
nothrim_aduial_panas,1
nothrim_bass_Eluwaith,0
nothrim_cabed_achad,0
nothrim_cabor_adan,0
nothrim_celeb_gwaun,0
nothrim_cirion_raef,0
nothrim_cuil_maecheneb,0
nothrim_duin_haradrim,0
nothrim_eryn_glass,0
nothrim_fuin_ungol,0
nothrim_gador_fuin,0
nothrim_gath_nath,0
nothrim_gaurwaith_luin,0
nothrim_hervenn_imlad,0
nothrim_lain_lossen,0
nothrim_minuial_fang,0
nothrim_nadhras_lalaith,0
nothrim_noroth_nadhras,0
nothrim_pennas_graw,1
nothrim_sogannen_corf,0
nothrim_tang_saer,0
nothrim_tegilbor_hadhod,0
nothrim_thavron_yll,0
nothrim_uan_cae,0
nur_Mithrim_idhren,0
nur_ah_eirien,0
nur_ah_gwael,0
nur_alae_saew,0
nur_amloth_ruith,0
nur_amlug_hend,0
nur_cair_barad,0
nur_cair_imloth,1
nur_cugu_Gwathuirim,0
nur_echad_Elrim,1
nur_emel_harad,0
nur_gli_cund,0
nur_heleg_lhug,0
nur_imlad_magor,0
nur_ingem_celon,0
nur_lasguil_celair,0
nur_mithril_mil,1
nur_muinthel_haradrim,0
nur_navaer_rist,0
nur_paich_thamas,0
nur_pess_sirion,0
nur_pod_eredh,0
nur_puig_hervenn,1
nur_rhosc_nana,0
nur_rhun_tang,0
nur_salph_lass,0
nur_thamas_gli,1
nur_thor_graw,0
ogol_alae_acharn,0
ogol_cair_tavor,0
ogol_callon_minuial,0
ogol_caras_fang,0
ogol_echad_luin,0
ogol_eglan_panas,0
ogol_espalass_gwarth,0
ogol_gaurwaith_gorn,0
ogol_gil_pendrath,0
ogol_glamog_lacha,0
ogol_haeron_pent,0
ogol_hun_alagos,0
ogol_iaun_limlug,0
ogol_mirdan_galadhrim,0
ogol_nimbrethil_gaw,0
ogol_nimbrethil_onodrim,0
ogol_panas_hervess,0
ogol_parf_midh,0
ogol_pent_manadh,1
ogol_pilin_ang,0
ogol_saig_iphant,0
ogol_thurin_harad,0
ogol_ulug_Mithrim,0
onodrim_Sindarin_ogol,0
onodrim_amloth_rist,1
onodrim_aras_pent,0
onodrim_cyron_galad,0
onodrim_dagnir_eglan,1
onodrim_gaw_tirith,0
onodrim_hal_gellui,0
onodrim_harad_ryn,0
onodrim_hun_rodwen,0
onodrim_iphant_echad,0
onodrim_melethron_agar,0
onodrim_merilin_celeb,0
onodrim_rhun_gwaun,0
onodrim_riel_elvellon,0
onodrim_sador_saer,1
onodrim_sirion_dol,0
onodrim_suil_muinthel,1
onodrim_tegilbor_aiglos,0
onodrim_thor_midh,0
paich_Mithrim_alae,1
paich_alagos_Druadan,0
paich_badhor_alag,0
paich_cuil_hast,0
paich_drego_daen,0
paich_gaur_aerlinn,0
paich_gaurwaith_navaer,0
paich_grond_drego,0
paich_hervess_hend,0
paich_laes_cae,0
paich_maen_cund,0
paich_meldir_barad,0
paich_parf_fae,0
paich_pethron_hud,0
paich_randir_nath,0
paich_rudh_lhug,0
panas_araf_luith,0
panas_barad_cae,0
panas_bass_cirion,0
panas_firion_dunadan,0
panas_glandagol_honeg,0
panas_graw_andrann,0
panas_laer_cuin,0
panas_lain_cirion,0
panas_lasguil_cirdan,0
panas_narthan_glaur,0
panas_neledh_tamin,0
panas_onodrim_pennas,0
panas_rust_hervenn,0
panas_saelor_guldur,0
parf_aeruil_firiel,0
parf_alae_toll,0
parf_anwar_firen,0
parf_baneth_elvellon,0
parf_braig_minai,0
parf_bronwe_eilian,0
parf_cenedril_agor,0
parf_dol_Elrim,0
parf_eglan_uruk,0
parf_fuin_erchion,0
parf_glae_hervess,0
parf_guldur_midh,0
parf_haudh_haeron,0
parf_hul_dagnir,0
parf_manadh_rochben,0
parf_mund_maen,0
parf_ogol_ai,0
parf_pent_law,0
parf_raug_glass,0
parf_sirion_glae,1
parf_tinuviel_rhovan,0
parf_ulug_anwar,1
pendrath_ang_lhug,0
pendrath_barad_per,0
pendrath_cae_imrad,0
pendrath_dol_gil,0
pendrath_drego_aras,0
pendrath_fuin_glandagol,0
pendrath_fuin_morn,1
pendrath_galvorn_ram,0
pendrath_gwaloth_helegnen,0
pendrath_harad_uir,0
pendrath_imlad_gador,0
pendrath_ithron_hadhod,0
pendrath_laug_uir,0
pendrath_meldir_nestad,0
pendrath_mindon_Elrim,0
pendrath_mir_dol,0
pendrath_navaer_eryn,0
pendrath_nestad_tavor,0
pendrath_rhovan_ingem,0
pendrath_ris_tachol,0
pendrath_roch_calad,0
pendrath_thangail_glamog,0
pennas_adab_cirion,0
pennas_bragol_Rochirrim,0
pennas_bregedur_cae,0
pennas_cenedril_in,0
pennas_firiel_eredh,1
pennas_galadh_mirdan,0
pennas_gorn_ryn,1
pennas_guldur_lobor,0
pennas_helegnen_andrann,0
pennas_luithien_lobor,0
pennas_pethron_rusc,1
pennas_randir_corf,0
pennas_suil_lebenedh,0
pent_amloth_in,0
pent_bronwe_dannas,0
pent_cirdan_amon,0
pent_dirnaith_fern,0
pent_imlad_galadh,0
pent_nana_faun,0
pent_pilin_nim,0
pent_raef_caras,0
pent_romru_panas,0
pent_rusc_gwael,0
pent_saelor_hwiniol,1
pent_saew_limlug,0
pent_soga_luin,0
pent_tachol_per,0
pent_tamin_mirdan,0
pent_thul_glamog,0
per_Eluwaith_sogannen,0
per_aglareb_adan,0
per_araf_narthan,0
per_cabed_meril,0
per_cugu_riel,0
per_dam_baug,0
per_dam_faun,0
per_dunedhel_amath,0
per_eirien_haradrim,0
per_haudh_dannas,1
per_helegnen_mund,0
per_hervenn_gwathui,0
per_honeg_gwarth,1
per_imlad_caras,1
per_ist_hervenn,0
per_ithildin_gli,0
per_lhug_amath,0
per_menel_rhun,0
per_nell_elu,0
per_nestad_fuin,0
per_pess_lin,1
per_rovalug_saew,0
per_sammar_toll,0
per_tinuviel_perian,0
peredhel_araf_amloth,1
peredhel_barad_rist,1
peredhel_edlothiad_iphant,0
peredhel_faun_braig,0
peredhel_fern_Mithrim,0
peredhel_glamog_ylf,0
peredhel_glandagol_gaw,0
peredhel_gul_haeron,0
peredhel_in_tirith,0
peredhel_lend_erchion,0
peredhel_lin_haudh,1
peredhel_maethor_faun,0
peredhel_muil_salab,0
peredhel_pent_cair,1
peredhel_tobas_nur,0
peredhel_uanui_Ennor,0
perian_Elrim_faun,0
perian_aear_rovalug,0
perian_amlug_aerlinn,0
perian_ang_alph,0
perian_cuil_gli,0
perian_ennorath_maen,0
perian_espalass_heron,0
perian_firion_lebed,0
perian_gorn_dunadan,0
perian_heleg_in,0
perian_in_sammar,0
perian_lang_roch,0
perian_law_lossen,0
perian_lebed_melethril,0
perian_luith_helegnen,0
perian_min_nana,0
perian_nana_nell,0
perian_nim_lunt,0
perian_rhun_nidh,0
perian_uan_lalaith,0
pess_aes_lachenn,0
pess_ai_aranarth,1
pess_amath_cirion,0
pess_gaw_suil,0
pess_gilgalad_braig,0
pess_glandagol_fuin,0
pess_graw_bass,0
pess_hervess_imlad,0
pess_nadhras_hun,0
pess_panas_amath,0
pess_pennas_drafn,0
pess_randir_lobor,0
pess_rist_thangail,1
pess_thamas_hu,0
pethron_achas_thangail,0
pethron_andrann_Ennor,0
pethron_araf_cund,1
pethron_bass_anwar,0
pethron_bass_mithren,0
pethron_callon_baug,0
pethron_cugu_aduial,1
pethron_emel_gobennas,0
pethron_faun_ennorath,0
pethron_gador_menel,0
pethron_hast_agor,1
pethron_ithron_hud,0
pethron_lass_lalaith,0
pethron_limlug_baneth,0
pethron_luith_aran,0
pethron_muil_imrad,0
pethron_ogol_ah,0
pethron_pendrath_rist,0
pethron_pod_achas,0
pethron_rodwen_lachenn,0
pethron_tavor_min,1
pethron_tinuviel_tann,0
pilin_Rochirrim_cabed,0
pilin_aegas_gondrath,0
pilin_aes_saew,0
pilin_amon_noroth,0
pilin_forodrim_galadh,0
pilin_glamor_laer,0
pilin_gwael_ris,0
pilin_gwend_morgul,0
pilin_hal_rhun,0
pilin_haradrim_galadhrim,0
pilin_hul_muinthel,0
pilin_imrath_glandagol,0
pilin_lacha_per,0
pilin_mil_thor,1
pilin_soga_gwael,0
pilin_thavron_dunadan,0
pilin_tinuviel_cugu,0
pilin_ulug_adel,0
pod_Mithrim_lavan,0
pod_agar_gaur,0
pod_ank_mund,0
pod_aphadrim_dunedhel,0
pod_bass_lass,0
pod_dunadan_laug,0
pod_fang_dunadan,0
pod_hervenn_corf,0
pod_hun_cuin,0
pod_imrath_randir,0
pod_inias_baneth,0
pod_pent_gath,0
pod_rudh_gwachaedir,0
pod_rusc_agarwaen,0
pod_toll_helegnen,0
puig_Tawarwaith_archam,0
puig_aglareb_dam,0
puig_barad_haudh,0
puig_barad_ryn,0
puig_gwador_midh,0
puig_hud_aiglos,0
puig_hud_gondrath,1
puig_nimp_bass,0
puig_nothrim_Mirion,0
puig_raegdan_gwanur,0
puig_thul_balrog,0
rach_acharn_lhug,0
rach_alae_laug,0
rach_amlug_espalass,0
rach_bellas_dol,0
rach_cair_corch,0
rach_dol_onodrim,1
rach_gath_malad,1
rach_glamog_sogannen,0
rach_glandagol_navaer,0
rach_grond_lalaith,0
rach_heledir_ogol,0
rach_laes_aglareb,0
rach_manadh_romru,0
rach_meldir_ryn,0
rach_meril_morgul,0
rach_morgul_eilian,0
rach_nell_neledh,0
rach_panas_caras,0
rach_rhun_galadhrim,0
rach_sogannen_gwanur,0
rach_suil_magor,0
raef_Dornhoth_lathron,0
raef_Mithrim_hul,0
raef_aglareb_gwaloth,0
raef_bass_agarwaen,0
raef_calad_aegas,0
raef_elu_nost,1
raef_eredh_gwaloth,0
raef_espalass_alag,0
raef_fuin_alag,0
raef_gas_aith,0
raef_gil_tavor,0
raef_gobennas_lathron,0
raef_gwachaedir_ennorath,0
raef_gwanur_menel,1
raef_lacha_nidh,0
raef_lalaith_rach,1
raef_lam_gaurwaith,0
raef_lobor_minuial,0
raef_midh_gwael,0
raef_minai_alae,0
raef_mithril_salph,0
raef_talraph_gador,0
raegdan_acharn_rhun,0
raegdan_aiglos_thul,0
raegdan_amloth_parf,0
raegdan_amlug_cirdan,1
raegdan_angos_imloth,1
raegdan_bain_pod,0
raegdan_curunir_vin,0
raegdan_dunadan_bain,0
raegdan_glae_pendrath,0
raegdan_gwilwileth_lossen,0
raegdan_hadhod_magol,0
raegdan_hast_aderthad,0
raegdan_heron_hwiniol,1
raegdan_lebenedh_gwaun,0
raegdan_luin_bain,0
raegdan_nestad_gondrath,0
raegdan_ryn_roch,0
raegdan_sador_amlug,0
raegdan_saew_amlug,0
raegdan_saew_tinuviel,0
raegdan_tinuviel_nimbrethil,0
ram_adan_cuil,0
ram_amath_dunadan,0
ram_cirion_yll,0
ram_dagnir_edlothiad,0
ram_fuin_nadhras,0
ram_gaur_alae,0
ram_hal_dol,0
ram_haradrim_heledir,0
ram_heledir_nidh,0
ram_heleg_saew,0
ram_iar_maethor,0
ram_imrad_riel,0
ram_lathron_ulug,0
ram_limlug_elu,0
ram_meril_edlothiad,0
ram_tang_mindon,0
randir_Elrim_saer,0
randir_acharn_aegas,0
randir_amdir_aear,0
randir_celair_tobas,0
randir_ennorath_limlug,0
randir_faradrim_tirith,0
randir_hend_certh,0
randir_imrath_lagor,0
randir_laer_alae,0
randir_lebdas_aes,0
randir_manadh_gaur,0
randir_menel_hervenn,0
randir_minuial_archam,0
randir_mithren_fae,0
randir_mithren_lalaith,0
randir_nath_lorn,1
randir_nur_alagos,0
randir_paich_gil,0
randir_pennas_tachol,0
randir_pilin_hub,0
randir_rhosc_riel,0
raug_angos_roch,0
raug_cuil_luith,0
raug_eirien_pod,1
raug_elvellon_agar,0
raug_galadh_gorn,1
raug_glamog_paich,0
raug_gwael_tegilbor,0
raug_gwaun_mir,0
raug_gwend_ris,1
raug_iar_nell,0
raug_ithron_galenas,0
raug_manadh_tathar,1
raug_mithril_gwador,0
raug_nidh_imrath,0
raug_paich_lorn,0
raug_rach_barad,0
raug_ram_lagor,0
raug_ryn_acharn,0
rhach_ank_faradrim,0
rhach_callon_gaw,0
rhach_celeb_hast,0
rhach_glamog_sogannen,0
rhach_gobennas_galvorn,0
rhach_gwathui_lain,0
rhach_hador_cabor,1
rhach_hal_rhosc,0
rhach_haradrim_cirion,0
rhach_lathron_ninglor,0
rhach_mereth_echad,0
rhach_morgul_hador,0
rhach_raug_gaur,0
rhach_rodwen_celeb,0
rhach_saig_aranarth,0
rhach_sogannen_adab,0
rhach_tegilbor_aiglos,0
rhosc_achas_onodrim,1
rhosc_agar_nath,0
rhosc_amdir_morn,0
rhosc_andrann_pess,0
rhosc_aran_celon,0
rhosc_barad_forodrim,0
rhosc_dirnaith_cae,0
rhosc_echad_cabed,0
rhosc_eirien_rist,0
rhosc_gobennas_mindon,1
rhosc_gorn_Gonhir,0
rhosc_hast_lost,0
rhosc_heron_lorn,0
rhosc_hu_suil,0
rhosc_hub_rom,0
rhosc_imloth_lasguil,0
rhosc_ingem_eredh,0
rhosc_lost_lembas,0
rhosc_magol_amarth,0
rhosc_muil_dunadan,0
rhosc_nur_gli,0
rhosc_saer_ira,0
rhosc_thor_glaur,1
rhovan_aes_lend,0
rhovan_aras_ank,0
rhovan_barad_gellui,0
rhovan_celair_lhug,0
rhovan_dam_certh,0
rhovan_drafn_roch,0
rhovan_emel_duin,0
rhovan_gaur_ingem,1
rhovan_gwend_hub,1
rhovan_ithron_gil,0
rhovan_lagor_fervain,0
rhovan_lavan_in,0
rhovan_lebenedh_salab,1
rhovan_lend_aphadrim,0
rhovan_nath_pess,0
rhovan_panas_baneth,1
rhovan_saig_eryn,0
rhovan_tathar_bronwe,0
rhovan_uan_bronwe,0
rhun_Mirion_menel,0
rhun_ablad_thamas,1
rhun_araf_saelor,0
rhun_badhor_certh,1
rhun_baneth_saer,0
rhun_cabed_gador,0
rhun_galad_ris,1
rhun_iaun_neledh,0
rhun_maethor_lalaith,0
rhun_mereth_firiel,0
rhun_rudh_raef,0
rhun_sogannen_muinthel,1
rhun_uanui_agar,1
riel_Rochirrim_ram,1
riel_adab_gwaloth,0
riel_aerlinn_glae,1
riel_aiglos_cenedril,0
riel_cae_galadh,0
riel_drego_dagnir,0
riel_eryn_firion,0
riel_firiel_adab,0
riel_gilgalad_alph,0
riel_gwador_meldir,0
riel_ingem_gwador,0
riel_lacha_Eluwaith,0
riel_lebdas_malad,0
riel_lossen_harad,0
riel_mereth_hand,0
riel_nath_alag,0
riel_navaer_minuial,0
riel_pethron_nadhras,0
riel_roch_alph,1
riel_rochir_lebed,0
riel_rom_firion,0
riel_sirion_gath,0
riel_uir_calad,0
riel_yll_pilin,0
ris_aeglir_bragol,0
ris_agarwaen_rhach,0
ris_aith_aeglir,0
ris_bregedur_myril,0
ris_draug_fuin,1
ris_gaw_cabed,0
ris_gwael_aiglos,0
ris_gwael_ulug,0
ris_lain_bass,0
ris_law_nadhras,0
ris_magor_aranarth,0
ris_nidh_grond,0
ris_rochben_yll,0
ris_rodwen_talraph,0
ris_suil_anwar,0
ris_tegilbor_tathar,0
ris_uir_aes,0
rist_ai_gobennas,0
rist_baug_vin,0
rist_braig_saer,0
rist_corf_fang,0
rist_emel_tobas,0
rist_galadh_nothrim,0
rist_galas_cirdan,0
rist_galenas_lacha,0
rist_gellui_eirien,0
rist_gil_pent,0
rist_glass_amdir,1
rist_gwend_glamor,0
rist_heledh_nur,0
rist_hervenn_gli,0
rist_lavan_drafn,0
rist_luithien_aes,0
rist_meldir_Eru,0
rist_mirdan_minas,1
rist_nidh_lunt,0
rist_pess_maecheneb,0
rist_puig_agar,1
rist_raef_glamor,0
rist_rochben_Gonhir,0
rist_rudh_Ennor,0
rist_thavron_morn,0
rist_tinnu_perian,0
rist_ulug_gwachaedir,0
roch_achas_tegilbor,0
roch_agar_lossen,0
roch_anann_braig,0
roch_corf_agarwaen,1
roch_dagnir_luin,0
roch_edlothiad_hador,0
roch_espalass_achas,0
roch_fern_minai,0
roch_forodrim_daen,0
roch_galadh_gwilwileth,0
roch_gli_raegdan,0
roch_gobennas_haeron,0
roch_gorn_grond,0
roch_luith_hand,0
roch_mithril_rochir,0
roch_myril_ogol,0
roch_nagol_salab,0
roch_sirion_meldir,0
roch_tang_uan,0
roch_yll_cuin,0
rochben_aiglos_mindon,1
rochben_aras_lalaith,0
rochben_ennorath_lost,0
rochben_gil_amath,0
rochben_gwanur_achas,0
rochben_hu_Druadan,0
rochben_inias_suil,0
rochben_ithron_balrog,0
rochben_ithron_galenas,0
rochben_pess_toll,0
rochben_randir_aran,0
rochben_rhosc_Eru,0
rochben_roch_galenas,0
rochben_rovalug_edlothiad,0
rochben_sador_hand,0
rochir_Druadan_tang,0
rochir_Elrim_tamin,0
rochir_Ithil_cund,0
rochir_amloth_morgul,0
rochir_amlug_honeg,0
rochir_anann_lam,0
rochir_anwar_hand,1
rochir_balrog_ogol,0
rochir_bronwe_gwarth,0
rochir_cair_saer,0
rochir_celon_gwanur,0
rochir_cirion_manadh,0
rochir_echad_rudh,1
rochir_galvorn_faradrim,0
rochir_grond_aphadrim,0
rochir_gwaun_lasguil,0
rochir_hadhod_dunedhel,0
rochir_imloth_hervess,0
rochir_lagor_hervess,0
rochir_lebenedh_iphant,0
rochir_lembas_alag,0
rochir_lorn_glandagol,0
rochir_nur_gorn,0
rochir_ogol_aeglir,0
rochir_ram_riel,0
rochir_rhovan_gaurwaith,0
rochir_riel_cugu,1
rochir_rudh_dol,0
rochir_sirion_muil,0
rodwen_Rochirrim_Mirion,0
rodwen_achad_gador,0
rodwen_achad_lebed,0
rodwen_aeruil_inias,0
rodwen_gwador_maen,0
rodwen_harad_bellas,0
rodwen_iaun_gwachaedir,0
rodwen_in_glae,0
rodwen_ira_aes,0
rodwen_melethril_alag,1
rodwen_pennas_thurin,1
rodwen_ryn_callon,1
rodwen_tegilbor_cabor,1
rodwen_thor_glass,0
rodwen_tinnu_pent,0
rom_adel_gwilwileth,0
rom_aderthad_in,0
rom_aeglir_haust,0
rom_agarwaen_ist,0
rom_amloth_Rochirrim,0
rom_andrann_celon,0
rom_badhor_emel,0
rom_bellas_lebdas,0
rom_braig_agar,0
rom_celair_raug,0
rom_dagnir_amlug,0
rom_eryn_glamor,0
rom_fast_agarwaen,0
rom_firen_narthan,0
rom_glass_glaur,0
rom_gorn_braig,1
rom_in_eryn,0
rom_ira_Sindarin,1
rom_menel_gath,0
rom_morgul_rach,0
rom_parf_lunt,0
rom_saelor_imlad,0
rom_thangail_mir,0
rom_vin_paich,0
romru_Ennor_nadhras,0
romru_aeruil_bass,0
romru_aeruil_maen,1
romru_agarwaen_lebdas,0
romru_amath_gondrath,0
romru_cund_gwathui,1
romru_gwanur_nimp,0
romru_heledir_magor,0
romru_hud_inias,0
romru_imloth_gaw,0
romru_iphant_daen,0
romru_lam_adar,1
romru_lang_badhor,0
romru_lebenedh_nestad,0
romru_limlug_amloth,0
romru_lost_lebenedh,0
romru_magol_hud,0
romru_nidh_ennorath,0
romru_rhosc_fast,0
romru_rhun_lathron,0
romru_suil_aranarth,0
romru_suil_hervess,0
romru_uruk_gil,0
rovalug_Eluwaith_meril,0
rovalug_amloth_gilgalad,0
rovalug_cair_neledh,0
rovalug_caras_morn,0
rovalug_cirion_rhun,1
rovalug_fast_curunir,0
rovalug_galenas_amdir,0
rovalug_gorn_raug,0
rovalug_maecheneb_ungol,0
rovalug_min_naer,0
rovalug_mir_badhor,0
rovalug_morn_imrath,0
rovalug_muil_ithildin,1
rovalug_narthan_toll,0
rovalug_nim_galad,0
rovalug_pethron_limlug,0
rovalug_rhach_salab,0
rovalug_romru_dannas,0
rudh_aiglos_talraph,0
rudh_annon_meril,1
rudh_aras_fuin,0
rudh_celon_merilin,0
rudh_elvellon_heledir,0
rudh_galadhrim_onodrim,0
rudh_glaur_onodrim,0
rudh_gwend_galas,0
rudh_ithron_saer,1
rudh_lang_cabor,0
rudh_lang_min,1
rudh_melethron_toll,0
rudh_ogol_ithron,1
rudh_pent_corch,0
rudh_rochben_drego,0
rudh_uanui_cuin,0
rudh_uir_morgul,0
ruith_aear_imloth,0
ruith_amath_dunadan,1
ruith_araf_laug,0
ruith_aran_espalass,0
ruith_calad_gwael,0
ruith_hador_myril,0
ruith_hand_fern,0
ruith_lam_alag,0
ruith_minuial_tang,0
ruith_panas_morn,0
ruith_puig_dirnaith,1
ruith_rhosc_ulug,0
ruith_ryn_draug,0
ruith_thul_gwachaedir,0
rusc_achad_lebdas,1
rusc_aderthad_dunadan,0
rusc_aphadrim_bain,0
rusc_aran_badhor,0
rusc_barad_lin,0
rusc_baug_tachol,0
rusc_dunedhel_lebenedh,1
rusc_firen_dannas,1
rusc_fuin_limlug,0
rusc_galadh_celon,0
rusc_gellui_lain,0
rusc_hervess_lavan,0
rusc_hu_minai,1
rusc_lass_paich,0
rusc_lembas_aeruil,0
rusc_lembas_alph,0
rusc_talraph_galas,0
rust_Ennor_nothrim,0
rust_Rochirrim_andrann,0
rust_agar_sammar,0
rust_ah_iar,0
rust_archam_Mithrim,0
rust_erchion_pess,0
rust_gaur_aderthad,0
rust_gorn_dam,0
rust_gul_thor,0
rust_gwathui_mund,0
rust_lalaith_Druadan,0
rust_lebed_nim,0
rust_magor_ang,0
rust_min_lebdas,0
rust_minai_aeglir,0
rust_ryn_toll,0
rust_tavor_agor,0
rust_thul_riel,0
ryn_acharn_laes,0
ryn_adab_salab,0
ryn_araf_galad,0
ryn_badhor_cenedril,0
ryn_corch_nestad,0
ryn_dirnaith_laes,1
ryn_glamog_galenas,0
ryn_gond_callon,0
ryn_gorn_agor,1
ryn_luith_rhovan,0
ryn_lunt_balrog,0
ryn_mithril_lacha,0
ryn_nana_luith,0
ryn_roch_amon,0
sador_Dornhoth_cugu,0
sador_aduial_dagnir,0
sador_amarth_mund,0
sador_curunir_mir,0
sador_duin_nost,0
sador_firen_sammar,0
sador_gwador_amath,0
sador_haudh_roch,0
sador_lass_bregedur,0
sador_lebenedh_imrad,0
sador_luin_iphant,0
sador_melethron_eryn,0
sador_melethron_ris,0
sador_nell_harad,0
sador_panas_raegdan,0
sador_pod_imrath,1
sador_rochben_gwilwileth,0
sador_rusc_Mithrim,0
sador_soga_thor,0
sador_tachol_Dornhoth,0
sador_tathar_amdir,0
sador_uir_hu,0
sador_uruk_cenedril,0
saelor_Gonhir_hu,0
saelor_aegas_nimp,0
saelor_aranarth_uir,0
saelor_aras_uruk,1
saelor_cae_Eru,0
saelor_ennorath_rach,0
saelor_fern_ungol,0
saelor_galenas_morgul,0
saelor_gil_nana,0
saelor_gondrath_nimp,0
saelor_gwael_baug,0
saelor_helegnen_myril,0
saelor_hu_vin,0
saelor_hul_glamor,0
saelor_lang_firion,0
saelor_luith_galadh,0
saelor_midh_edlothiad,0
saelor_narthan_braig,0
saelor_nidh_meldir,0
saelor_nothrim_ram,0
saelor_parf_lang,0
saelor_pod_thul,0
saelor_salph_bass,0
saer_Mirion_ank,0
saer_achad_fervain,0
saer_adar_anann,0
saer_amlug_amdir,0
saer_duin_lebed,0
saer_helegnen_ira,0
saer_iar_imrad,0
saer_ist_saig,1
saer_luith_lhug,0
saer_myril_lhug,0
saer_pent_rhovan,0
saer_rochir_pod,0
saer_rodwen_haradrim,0
saer_tinnu_gondrath,0
saer_vin_nimp,0
saew_aeruil_nidh,0
saew_echad_baneth,0
saew_eryn_lobor,0
saew_eryn_peredhel,0
saew_glass_malad,0
saew_grond_fae,0
saew_hun_bass,0
saew_lavan_gaur,0
saew_meldir_cuin,1
saew_pennas_celeb,0
saew_pilin_echad,0
saew_rust_mund,1
saew_sirion_narthan,0
saew_tegilbor_ylf,0
saig_Ithil_roch,0
saig_achas_lasguil,0
saig_ah_callon,1
saig_amdir_alph,0
saig_ang_glass,0
saig_aran_draug,0
saig_elu_cirion,1
saig_gwend_lachenn,0
saig_hud_Sindarin,0
saig_hud_imrad,0
saig_laes_pent,1
saig_law_lass,0
saig_lebed_anann,0
saig_lost_gwador,0
saig_magol_amarth,1
saig_meldir_honeg,0
saig_mil_laug,0
saig_nell_gaw,0
saig_rhovan_adan,0
saig_ris_lunt,0
saig_salph_mirdan,0
saig_tirith_per,0
salab_andrann_muil,0
salab_ank_uan,0
salab_celon_lebed,0
salab_elvellon_hub,0
salab_faen_mil,0
salab_faen_tegilbor,0
salab_galvorn_glamog,0
salab_hervess_aith,0
salab_imrad_rovalug,0
salab_ira_aranarth,0
salab_lain_limlug,0
salab_lass_melethron,0
salab_lathron_faun,1
salab_luithien_hadhod,0
salab_nur_alae,0
salab_rhun_certh,0
salab_rudh_narthan,0
salab_ruith_imlad,0
salab_sirion_aderthad,0
salab_tobas_alph,0
salph_adan_haeron,0
salph_aear_gwaun,1
salph_ang_aith,0
salph_barad_aes,0
salph_celeb_ank,0
salph_dirnaith_nim,1
salph_glaur_galas,0
salph_grond_gador,0
salph_gwador_aras,0
salph_hand_certh,0
salph_harad_ithron,0
salph_ithron_magol,0
salph_laer_vin,0
salph_laug_forodrim,0
salph_lorn_malad,0
salph_luithien_dam,0
salph_lunt_cugu,0
salph_muil_aerlinn,0
salph_nestad_nothrim,0
salph_nost_erchion,0
salph_paich_glandagol,0
salph_peredhel_tachol,0
salph_sammar_lain,0
sammar_ablad_Sindarin,0
sammar_aran_sador,0
sammar_aras_raug,0
sammar_calad_parf,0
sammar_cirdan_faen,0
sammar_glandagol_nimp,0
sammar_graw_dannas,0
sammar_haradrim_achad,0
sammar_heleg_saer,0
sammar_honeg_noroth,0
sammar_lorn_melethron,0
sammar_mund_hu,0
sammar_nothrim_hub,0
sammar_pod_tirith,0
sammar_tavor_puig,0
sammar_tobas_cenedril,0
sammar_toll_achad,0
sirion_alag_aduial,0
sirion_alph_rach,1
sirion_aphadrim_nim,0
sirion_aran_amloth,0
sirion_archam_hador,0
sirion_daen_adab,0
sirion_dam_luith,1
sirion_dam_nimp,0
sirion_gas_nidh,0
sirion_iaun_gwend,0
sirion_ithron_mund,0
sirion_lass_cirdan,0
sirion_laug_glamor,0
sirion_law_morn,1
sirion_mithren_eilian,0
sirion_morgul_ylf,0
sirion_nagol_raug,0
sirion_puig_gondrath,0
sirion_rist_hast,1
sirion_rusc_echad,0
soga_Tawarwaith_hend,1
soga_acharn_ris,0
soga_aes_limlug,0
soga_aith_certh,0
soga_amlug_grond,0
soga_aras_grond,0
soga_bain_eglan,0
soga_cae_nadhras,0
soga_dannas_curunir,0
soga_eilian_hun,0
soga_fervain_Ithil,0
soga_gul_nestad,0
soga_gwador_gaw,0
soga_hador_acharn,0
soga_haudh_rochben,0
soga_lachenn_gellui,0
soga_lachenn_gilgalad,0
soga_nath_firen,0
soga_pennas_puig,0
soga_ris_lin,0
soga_rodwen_muinthel,0
soga_suil_anann,0
soga_ungol_maethor,0
sogannen_agar_lalaith,0
sogannen_annon_lasguil,0
sogannen_badhor_ruith,0
sogannen_bass_raegdan,1
sogannen_celair_nana,0
sogannen_firiel_nost,0
sogannen_glaur_Eluwaith,1
sogannen_heledir_lorn,0
sogannen_lang_Sindarin,0
sogannen_lembas_hun,0
sogannen_magol_ungol,0
sogannen_noroth_gwend,0
sogannen_randir_faen,0
sogannen_rusc_heledh,0
sogannen_uan_eglan,0
sogannen_ylf_luith,0
suil_araf_rhun,0
suil_bregedur_thangail,0
suil_dunadan_ithron,0
suil_eilian_merilin,0
suil_firen_firion,1
suil_gul_glae,0
suil_gwador_sirion,0
suil_gwanur_uan,0
suil_lost_gwathui,0
suil_nadhras_nur,0
suil_rust_gaur,1
suil_talraph_cae,0
tachol_Ithil_salab,0
tachol_alagos_dol,0
tachol_callon_per,1
tachol_celair_cugu,0
tachol_dannas_aeruil,0
tachol_dirnaith_lebdas,0
tachol_fervain_aranarth,0
tachol_firiel_faen,0
tachol_guldur_thavron,0
tachol_laer_yll,0
tachol_lass_rovalug,0
tachol_lebenedh_amon,0
tachol_nimp_ingem,0
tachol_rusc_ist,0
tachol_saelor_puig,1
talraph_cae_Ithil,0
talraph_cugu_lebed,0
talraph_dirnaith_dam,0
talraph_erchion_hend,0
talraph_galenas_tirith,0
talraph_gilgalad_amdir,0
talraph_gwanur_bass,0
talraph_hal_idhren,0
talraph_imlad_draug,0
talraph_nadhras_aith,1
talraph_nagol_baneth,0
talraph_panas_yll,0
talraph_raegdan_aith,0
talraph_ryn_nath,1
talraph_saelor_cugu,0
talraph_tathar_lebenedh,0
talraph_toll_naer,0
tamin_Ithil_ingem,0
tamin_agar_curunir,0
tamin_archam_gwathui,0
tamin_corch_sammar,1
tamin_elvellon_amarth,0
tamin_emel_perian,0
tamin_faen_ithron,0
tamin_faen_tang,0
tamin_fang_aphadrim,0
tamin_galadhrim_luith,0
tamin_glamor_tann,1
tamin_hadhod_myril,0
tamin_haeron_limlug,0
tamin_honeg_hend,0
tamin_hun_limlug,0
tamin_inias_eilian,1
tamin_lang_bragol,0
tamin_law_Ennor,0
tamin_lend_hub,1
tamin_lhug_eilian,0
tamin_midh_dunadan,0
tamin_mindon_mil,0
tamin_mithril_eirien,1
tamin_muinthel_eredh,0
tamin_ris_edlothiad,0
tamin_rovalug_rust,0
tamin_ruith_aderthad,0
tamin_sador_Gwathuirim,0
tamin_toll_galvorn,1
tang_Dornhoth_imrath,0
tang_Ithil_calad,0
tang_aiglos_puig,0
tang_amlug_midh,0
tang_aphadrim_vin,1
tang_celeb_nimbrethil,0
tang_faradrim_galvorn,0
tang_haudh_mithren,0
tang_lobor_roch,1
tang_malad_cugu,0
tang_minas_honeg,0
tang_morn_gli,0
tang_muil_eirien,0
tang_nadhras_laug,0
tang_nothrim_tavor,0
tang_parf_luith,0
tang_puig_glandagol,0
tang_tavor_laug,1
tann_Elrim_Sindarin,0
tann_Ennor_gador,0
tann_achad_alagos,0
tann_aphadrim_saelor,1
tann_dannas_alph,0
tann_edlothiad_sador,0
tann_glaur_rhach,0
tann_hu_emel,0
tann_inias_melethril,0
tann_lebenedh_drafn,1
tann_lin_dagnir,0
tann_lunt_guldur,0
tann_menel_bronwe,0
tann_menel_pendrath,0
tann_min_limlug,1
tann_salab_gwaun,0
tann_salph_tinuviel,0
tann_tang_cund,0
tann_tathar_ist,0
tann_thor_perian,0
tann_thurin_adel,0
tathar_Gwathuirim_ulug,0
tathar_aeglir_heleg,0
tathar_agar_alae,0
tathar_aiglos_fast,1
tathar_amon_melethron,0
tathar_aran_pess,0
tathar_cuil_soga,0
tathar_cyron_puig,0
tathar_dirnaith_hun,0
tathar_drego_lin,0
tathar_duin_raug,1
tathar_gaurwaith_nidh,0
tathar_glamor_fuin,1
tathar_gondrath_ithron,0
tathar_gwend_lang,0
tathar_lhug_haradrim,0
tathar_min_dagnir,0
tathar_navaer_cund,0
tathar_rodwen_hud,0
tathar_tavor_gil,0
tathar_tinuviel_faradrim,0
tavor_Tawarwaith_lost,0
tavor_aderthad_pod,0
tavor_amath_Ennor,0
tavor_aran_cirdan,0
tavor_caras_luin,0
tavor_dannas_drafn,0
tavor_eredh_hervenn,0
tavor_glamor_heledh,0
tavor_guldur_lhug,0
tavor_gwachaedir_ira,0
tavor_maethor_bass,1
tavor_nestad_laer,0
tavor_nim_roch,0
tavor_pilin_neledh,0
tavor_rhosc_salab,0
tavor_rochben_lebenedh,0
tavor_ruith_hub,0
tavor_rusc_lebed,0
tavor_sador_dagnir,0
tegilbor_Tawarwaith_aphadrim,0
tegilbor_aglareb_Tawarwaith,0
tegilbor_ah_heledh,0
tegilbor_anann_magol,0
tegilbor_angos_annon,0
tegilbor_annon_ryn,1
tegilbor_araf_uanui,1
tegilbor_baug_hud,0
tegilbor_cirdan_iphant,0
tegilbor_echad_menel,0
tegilbor_espalass_ris,0
tegilbor_gwathui_gil,0
tegilbor_hadhod_faen,0
tegilbor_hand_muinthel,0
tegilbor_hand_tinuviel,0
tegilbor_idhren_caras,0
tegilbor_meldir_glaur,0
tegilbor_mirdan_glandagol,0
tegilbor_pennas_imrad,1
tegilbor_pod_puig,0
tegilbor_riel_faen,0
tegilbor_rusc_soga,0
tegilbor_soga_Druadan,0
tegilbor_thavron_ist,0
thamas_Elrim_raegdan,0
thamas_aeglir_rodwen,0
thamas_amlug_sammar,0
thamas_cenedril_hul,0
thamas_cund_rochben,0
thamas_elu_nimbrethil,0
thamas_gellui_lunt,0
thamas_glass_gwador,0
thamas_gwathui_tamin,0
thamas_harad_elvellon,0
thamas_idhren_sogannen,0
thamas_lang_gwilwileth,0
thamas_lembas_aear,1
thamas_lossen_tavor,0
thamas_navaer_lalaith,0
thamas_ninglor_pess,0
thamas_nur_ogol,0
thamas_perian_rhun,0
thamas_talraph_myril,0
thamas_thurin_barad,0
thangail_Dornhoth_achas,1
thangail_Ennor_salph,0
thangail_Eru_dol,0
thangail_ablad_aduial,0
thangail_achad_nell,0
thangail_alagos_lavan,0
thangail_amdir_nadhras,0
thangail_andrann_gwathui,0
thangail_ang_gwaloth,0
thangail_cae_gondrath,0
thangail_duin_hud,0
thangail_espalass_myril,0
thangail_forodrim_nost,0
thangail_galadh_maecheneb,0
thangail_glandagol_aiglos,0
thangail_gli_amloth,0
thangail_in_cuin,0
thangail_lebenedh_hast,0
thangail_narthan_hun,1
thangail_peredhel_cirdan,0
thangail_randir_drego,0
thangail_rusc_corf,0
thangail_ryn_lebenedh,0
thangail_talraph_lossen,0
thangail_tobas_panas,0
thavron_Eluwaith_mindon,0
thavron_Gonhir_ira,0
thavron_Ithil_uanui,1
thavron_adel_lobor,0
thavron_aduial_fast,0
thavron_agar_cabor,0
thavron_angos_caras,0
thavron_callon_fae,1
thavron_celair_salab,0
thavron_eredh_salab,0
thavron_espalass_gil,0
thavron_firiel_glae,1
thavron_gwarth_merilin,0
thavron_helegnen_nana,0
thavron_iphant_dannas,0
thavron_ira_peredhel,0
thavron_laer_duin,0
thavron_naer_perian,0
thavron_tann_panas,0
thavron_tinnu_hwiniol,0
thor_Gwathuirim_rom,0
thor_adab_thangail,0
thor_aderthad_tachol,0
thor_aglareb_Gwathuirim,0
thor_caras_aran,0
thor_duin_hand,0
thor_eirien_aegas,0
thor_gellui_fae,1
thor_gilgalad_puig,0
thor_gwend_ithildin,0
thor_hend_roch,0
thor_ingem_celeb,1
thor_nath_baug,0
thor_nestad_rust,0
thor_pilin_salph,0
thor_rhach_amdir,0
thor_salab_melethril,0
thor_tinuviel_tann,0
thul_achad_meril,0
thul_adab_amlug,0
thul_adan_lend,0
thul_aduial_lost,0
thul_cair_pethron,0
thul_faen_saig,0
thul_grond_imloth,0
thul_hador_limlug,0
thul_hu_saew,0
thul_lagor_amon,0
thul_limlug_mithren,1
thul_lossen_myril,0
thul_magol_ithildin,0
thul_muinthel_aras,0
thul_nana_tegilbor,0
thul_neledh_bass,1
thul_salab_minas,0
thurin_Gonhir_dagnir,0
thurin_aerlinn_Eru,0
thurin_bronwe_imrath,1
thurin_faen_Elrim,0
thurin_fang_aith,0
thurin_fervain_alae,0
thurin_firen_firion,0
thurin_galadh_sirion,1
thurin_gaur_Mirion,0
thurin_harad_rudh,0
thurin_hervess_luin,0
thurin_hud_tegilbor,0
thurin_lhug_cyron,0
thurin_magol_bass,0
thurin_nagol_glass,0
thurin_nell_Mithrim,1
thurin_nidh_tegilbor,1
thurin_tirith_aduial,0
thurin_uan_per,1
tinnu_Ithil_emel,0
tinnu_aiglos_gwathui,0
tinnu_alagos_corf,0
tinnu_amlug_rhun,1
tinnu_dirnaith_malad,0
tinnu_faun_fern,0
tinnu_gwador_anann,0
tinnu_haudh_soga,1
tinnu_hervenn_anwar,0
tinnu_hu_malad,0
tinnu_laes_gil,0
tinnu_lang_luin,0
tinnu_maen_hervenn,0
tinnu_mil_lacha,0
tinnu_ninglor_melethril,0
tinnu_raegdan_rochben,0
tinnu_rhach_pendrath,0
tinnu_ulug_melethril,0
tinuviel_Druadan_fervain,0
tinuviel_Mithrim_hu,0
tinuviel_bass_rust,0
tinuviel_celon_thor,1
tinuviel_duin_emel,0
tinuviel_elu_aerlinn,0
tinuviel_faradrim_riel,1
tinuviel_glamor_tamin,0
tinuviel_hu_firiel,0
tinuviel_imrath_hun,0
tinuviel_lasguil_roch,0
tinuviel_mithren_hador,0
tinuviel_nothrim_maecheneb,0
tinuviel_puig_alph,0
tinuviel_ruith_tavor,1
tirith_aeglir_pess,0
tirith_amloth_rhovan,0
tirith_barad_thamas,0
tirith_dunedhel_edlothiad,0
tirith_eirien_forodrim,0
tirith_galadh_barad,0
tirith_gaw_cirion,1
tirith_hervenn_eredh,0
tirith_imlad_maen,0
tirith_lost_dol,0
tirith_mindon_drego,0
tirith_mithren_guldur,0
tirith_pennas_parf,0
tirith_peredhel_drafn,0
tirith_rhach_uruk,0
tirith_salab_randir,0
tirith_thangail_heledir,0
tirith_toll_raegdan,1
tobas_Druadan_acharn,0
tobas_Ennor_mereth,0
tobas_adel_mund,0
tobas_aduial_firiel,0
tobas_badhor_haust,0
tobas_bass_aear,0
tobas_cirdan_pendrath,0
tobas_gorn_lagor,0
tobas_hud_lebed,0
tobas_lalaith_aith,1
tobas_lavan_cuin,0
tobas_lavan_glandagol,0
tobas_lunt_faun,0
tobas_maen_noroth,0
tobas_maen_sirion,0
tobas_magol_aeruil,0
tobas_magor_mithril,0
tobas_manadh_nur,0
tobas_minas_baug,0
tobas_mir_panas,0
tobas_neledh_fervain,0
tobas_saer_cyron,0
toll_Tawarwaith_ylf,1
toll_ai_harad,0
toll_barad_ist,0
toll_celair_loss,0
toll_galvorn_gond,0
toll_gas_rhosc,0
toll_hervenn_corf,0
toll_maethor_ingem,0
toll_magol_fervain,0
toll_romru_maen,0
toll_romru_yll,0
toll_sador_maecheneb,0
toll_tang_agarwaen,1
uan_Dornhoth_gwaun,0
uan_agarwaen_Eluwaith,1
uan_aith_lin,0
uan_angos_tang,0
uan_ank_bragol,0
uan_araf_nothrim,0
uan_bass_raug,0
uan_cair_curunir,0
uan_ennorath_firen,0
uan_fang_gwador,0
uan_gwathui_agarwaen,0
uan_haudh_espalass,0
uan_hervess_magol,0
uan_hun_haust,0
uan_hun_thor,0
uan_hwiniol_agarwaen,0
uan_lasguil_lass,0
uan_nagol_ram,0
uan_romru_ingem,0
uanui_aes_araf,0
uanui_aith_toll,0
uanui_andrann_bass,0
uanui_archam_galadhrim,0
uanui_baneth_amdir,0
uanui_dagnir_hast,0
uanui_dol_celon,0
uanui_gaur_araf,1
uanui_gli_aduial,0
uanui_gli_lathron,0
uanui_guldur_rovalug,1
uanui_lost_cae,0
uanui_naer_salab,0
uanui_paich_bass,0
uanui_panas_hervess,0
uanui_raegdan_lebed,0
uanui_rhovan_ingem,0
uanui_rochben_fang,0
uanui_saig_aranarth,0
uanui_tamin_saelor,0
uanui_thurin_pod,0
uanui_tinnu_callon,1
uanui_tinuviel_onodrim,0
uir_baug_ennorath,0
uir_cair_calad,0
uir_dannas_galad,0
uir_echad_tavor,1
uir_gaw_imloth,0
uir_gellui_ist,0
uir_gli_gaur,0
uir_gwanur_fervain,1
uir_gwaun_angos,0
uir_hub_dirnaith,0
uir_imloth_saer,0
uir_lend_aeglir,0
uir_limlug_fuin,1
uir_minai_gwaloth,1
uir_minas_sammar,0
uir_muil_glae,0
uir_navaer_adar,0
uir_ruith_fuin,0
uir_tang_aras,0
ulug_Gwathuirim_mithril,1
ulug_Tawarwaith_morgul,0
ulug_adab_ris,0
ulug_agarwaen_achad,0
ulug_aiglos_heleg,0
ulug_alagos_morgul,0
ulug_ang_randir,0
ulug_cirion_hub,0
ulug_faun_cirion,0
ulug_gath_thurin,0
ulug_graw_gwaun,0
ulug_hadhod_Elrim,0
ulug_heleg_mithril,0
ulug_lobor_nidh,0
ulug_lorn_ennorath,0
ulug_luithien_lachenn,0
ulug_pendrath_annon,0
ulug_pod_alph,0
ulug_randir_tobas,0
ulug_riel_pess,0
ulug_rodwen_lebenedh,0
ulug_rusc_gwanur,0
ulug_ryn_aduial,0
ulug_tegilbor_noroth,0
ulug_thamas_annon,0
ungol_Gonhir_nath,0
ungol_acharn_lin,0
ungol_angos_imrath,0
ungol_anwar_lend,0
ungol_caras_baneth,0
ungol_cirion_firion,0
ungol_cuin_Mirion,0
ungol_cund_mereth,0
ungol_fae_callon,0
ungol_fuin_noroth,0
ungol_hadhod_gwend,0
ungol_hend_sogannen,0
ungol_hud_gath,0
ungol_iaun_celair,0
ungol_inias_romru,0
ungol_lachenn_morgul,0
ungol_luin_bregedur,0
ungol_lunt_anwar,1
ungol_menel_midh,0
ungol_navaer_ablad,0
ungol_nell_mithril,0
ungol_pilin_uan,0
ungol_ram_lhug,0
ungol_tathar_glamog,0
ungol_tobas_riel,0
ungol_uanui_tavor,0
ungol_ulug_saew,0
uruk_Ennor_tirith,0
uruk_adan_ang,0
uruk_adar_caras,1
uruk_alag_gli,0
uruk_araf_inias,0
uruk_badhor_hand,0
uruk_dam_bregedur,0
uruk_eredh_morgul,0
uruk_galvorn_gwarth,0
uruk_glamor_firion,1
uruk_gwachaedir_saig,0
uruk_hervenn_braig,0
uruk_imloth_thul,0
uruk_lossen_in,0
uruk_melethron_Mithrim,0
uruk_midh_maethor,0
uruk_nim_helegnen,1
uruk_nost_lorn,0
uruk_pendrath_rochir,0
uruk_pendrath_salab,0
uruk_pennas_panas,0
uruk_perian_minas,0
uruk_sirion_uir,0
vin_aegas_thavron,0
vin_draug_glae,1
vin_duin_parf,0
vin_echad_hador,0
vin_eredh_rhovan,0
vin_gath_glass,0
vin_gondrath_galvorn,0
vin_graw_galad,0
vin_gwanur_lagor,0
vin_gwaun_lin,0
vin_gwend_badhor,0
vin_iaun_alagos,0
vin_lebenedh_gaurwaith,0
vin_lebenedh_thurin,0
vin_lossen_nur,0
vin_pennas_riel,0
vin_rhovan_rhach,0
vin_ryn_dagnir,0
ylf_cuil_haudh,0
ylf_eilian_aear,0
ylf_faen_lost,0
ylf_galenas_tang,0
ylf_glae_mirdan,0
ylf_gul_parf,0
ylf_inias_aerlinn,0
ylf_lebdas_saer,0
ylf_lunt_celeb,0
ylf_maen_ogol,0
ylf_magol_limlug,1
ylf_nell_dunedhel,0
ylf_nim_ungol,0
ylf_rudh_rodwen,0
ylf_saelor_romru,0
ylf_sirion_nothrim,0
yll_Gwathuirim_mithren,0
yll_aduial_graw,0
yll_alagos_merilin,0
yll_ank_minai,0
yll_barad_bass,0
yll_barad_celair,0
yll_corch_aduial,1
yll_cund_braig,0
yll_dagnir_aear,0
yll_echad_iar,0
yll_faun_galadh,0
yll_firiel_ruith,0
yll_gas_thurin,0
yll_hador_imrath,0
yll_hwiniol_haudh,0
yll_inias_saig,1
yll_iphant_alagos,0
yll_maen_hul,0
yll_manadh_tinnu,0
yll_min_rodwen,1
yll_morgul_Mirion,1
yll_onodrim_rist,1
yll_randir_bragol,0
yll_salph_meril,0
yll_sogannen_lain,0
yll_tinnu_gli,0
yll_uruk_Eru,0
